Workbook

Sheet Instrucciones
B2: Base de datos de revisión de literatura
B3: Modelo dinámico de vehículo aeroespacial con incertidumbres paramétricas + GNC + Monte Carlo + HIL
B6: 1. Base de datos
B7: Registra cada paper (una fila = un paper). El ID se genera solo al escribir el Título. Usa las listas desplegables en Estado, Tipo de publicación, Temas, Incertidumbres, Monte Carlo, Controlador, HIL y Calidad. Las columnas están agrupadas por sección (usa los botones '+ / -' sobre los encabezados para colapsar secciones que no estés usando).
B9: 2. Preguntas de investigación
B10: Guía de qué columnas de la Base de datos filtrar para responder cada pregunta clave de tu estado del arte.
B12: 3. Estadísticas
B13: Tablas y gráficos automáticos: papers por año, tema, tipo de publicación, institución, controlador e incertidumbre.
B15: 4. Estado de lectura
B16: Panel con conteos de Pendiente/Leyendo/Leído/Analizado, papers fundamentales y complementarios, y % de avance.
B18: 5. Resumen estado del arte
B19: Matriz comparativa (vinculada automáticamente a la Base de datos) lista para redactar el capítulo de estado del arte.
B22: Escalabilidad: la hoja 'Base de datos' incluye 150 filas listas para usar (Tabla de Excel 'BaseDatos'). Para agregar más papers, simplemente escribe en la fila siguiente a la última — Excel expande la tabla, el formato, las listas desplegables y el formato condicional automáticamente.

Sheet Base de datos
A1: ID | B1: Estado | C1: Título | D1: Autor principal | E1: Año | F1: Revista o Conferencia | G1: DOI | H1: Enlace | I1: Tipo de publicación | J1: País o Institución | K1: Tipo de vehículo | L1: Tema: Review | M1: Tema: Modelo dinámico | N1: Tema: Aerodinámica | O1: Tema: Propulsión | P1: Tema: Actuadores | Q1: Tema: Sensores | R1: Tema: Guidance | S1: Tema: Navigation | T1: Tema: Control | U1: Tema: GNC | V1: Tema: Robust Control | W1: Tema: Adaptive Control | X1: Tema: MPC | Y1: Tema: LQR | Z1: Tema: PID | AA1: Tema: Sliding Mode | AB1: Tema: H-infinito | AC1: Tema: Hardware-in-the-Loop | AD1: Tema: Monte Carlo | AE1: Tema: Análisis de sensibilidad | AF1: Tema: Uncertainty Quantification | AG1: Tema: Ingeniería de Sistemas | AH1: Tema: Arquitectura de Software | AI1: Tema: F Prime (F') | AJ1: Tema: ROS | AK1: Tema: cFS | AL1: Tema: Otros | AM1: Incert.: Masa | AN1: Incert.: Centro de gravedad | AO1: Incert.: Momentos de inercia | AP1: Incert.: Coeficientes aerodinámicos | AQ1: Incert.: Empuje | AR1: Incert.: Actuadores | AS1: Incert.: Sensores | AT1: Incert.: Viento | AU1: Incert.: Turbulencia | AV1: Incert.: Dinámicas no modeladas | AW1: Incert.: Otros | AX1: Parámetro(s) con incertidumbre | AY1: Magnitud utilizada (ej. ±5%, ±10 mm) | AZ1: Distribución | BA1: Justificación de los autores | BB1: ¿Usa Monte Carlo? | BC1: N° de simulaciones | BD1: Método de muestreo | BE1: Software utilizado (MC) | BF1: Variables perturbadas | BG1: Tipo de controlador | BH1: Modelo dinámico utilizado | BI1: Variables controladas | BJ1: Objetivo del controlador | BK1: Métricas utilizadas | BL1: Robustez evaluada | BM1: ¿Usa HIL? | BN1: Plataforma | BO1: Hardware | BP1: Software (HIL) | BQ1: Tiempo real | BR1: Objetivo HIL | BS1: Principal aporte | BT1: Limitaciones | BU1: Trabajos futuros | BV1: Ideas útiles para mi memoria | BW1: Relevancia (1-5) | BX1: Calidad metodológica (1-5) | BY1: ¿Lo citaré en la memoria? | BZ1: Prioridad de lectura
A2: =IF(C2="","",ROW()-1) -> 1 | B2: Analizado | C2: Robust Nonlinear Model Predictive Control for a Highly Maneuverable Aircraft | D2: Conrad, F. | E2: 2025 | F2: Journal of Guidance, Control, and Dynamics | G2: 10.2514/1.Gxxxxx | H2: https://doi.org/10.2514/1.Gxxxxx | I2: Journal | J2: DLR (Alemania) | K2: Aeronave ADMIRE (fighter-type) | T2: Sí | U2: Sí | X2: Sí | AP2: Sí | BB2: No | BG2: NMPC | BH2: 6-DOF no lineal (ADMIRE) | BM2: No | BS2: Formulación NMPC de doble lazo (interno/externo) con linealización por realimentación para maniobras agresivas. | BW2: 5 | BX2: 4 | BY2: Sí | BZ2: Alta
A3: =IF(C3="","",ROW()-1)
A4: =IF(C4="","",ROW()-1)
A5: =IF(C5="","",ROW()-1)
A6: =IF(C6="","",ROW()-1)
A7: =IF(C7="","",ROW()-1)
A8: =IF(C8="","",ROW()-1)
A9: =IF(C9="","",ROW()-1)
A10: =IF(C10="","",ROW()-1)
A11: =IF(C11="","",ROW()-1)
A12: =IF(C12="","",ROW()-1)
A13: =IF(C13="","",ROW()-1)
A14: =IF(C14="","",ROW()-1)
... A151: =IF(C151="","",ROW()-1)

Sheet Preguntas de investigación
B2: Preguntas de investigación — guía de filtrado
B3: Usa el Autofiltro de la hoja 'Base de datos' con las columnas indicadas para responder cada pregunta.
B5: Pregunta de investigación | C5: Columnas relevantes en 'Base de datos' | D5: Cómo filtrar / qué buscar | E5: IDs de papers relevantes | F5: Notas
B6: ¿Qué incertidumbres usan? | C6: AM:AW (Incert.: ...) | D6: Filtra por 'Sí' en la(s) columna(s) del tipo de incertidumbre de interés.
B7: ¿Qué magnitud utilizan? | C7: AX, AY (Parámetro / Magnitud utilizada) | D7: Lee directamente el texto de la columna 'Magnitud utilizada'.
B8: ¿Qué distribución utilizan? | C8: AZ (Distribución) | D8: Filtra por el valor de la lista desplegable (Normal, Uniforme, etc.).
B9: ¿Cómo implementan Monte Carlo? | C9: BB:BF (Usa MC, N° simulaciones, Método, Software, Variables) | D9: Filtra BB='Sí' y revisa BC-BF para el detalle del método.
B10: ¿Qué controlador utilizan? | C10: BG (Tipo de controlador) | D10: Filtra por el tipo de controlador de la lista desplegable.
B11: ¿Cómo validan el modelo? | C11: BH, BS (Modelo dinámico utilizado, Principal aporte) | D11: Revisa el texto libre de estas columnas; complementa con BL (Robustez evaluada).
B12: ¿Usan HIL? | C12: BM:BR (Usa HIL, Plataforma, Hardware, Software, Tiempo real, Objetivo) | D12: Filtra BM='Sí' para ver solo papers con validación HIL.
B13: ¿Qué métricas utilizan? | C13: BK (Métricas utilizadas) | D13: Lee el texto libre de la columna de métricas.

Sheet Estadísticas
B2: Estadísticas de la revisión de literatura
B3: Las tablas se calculan automáticamente a partir de 'Base de datos'. Los gráficos se actualizan solos.
B5: Papers por año (período) | E5: Papers por tema | H5: Papers por tipo de publicación | K5: Papers por institución (editable)
B6: Categoría | C6: N° de papers | E6: Categoría | F6: N° de papers | H6: Categoría | I6: N° de papers | K6: Institución (edítalo) | L6: N° de papers
B7: <1990 | C7: =COUNTIFS('Base de datos'!$E$2:$E$151,"<1990") -> 0 | E7: Review | F7: =COUNTIF('Base de datos'!$L$2:$L$151,"Sí") -> 0 | H7: Journal | I7: =COUNTIF('Base de datos'!$I$2:$I$151,"Journal") -> 1 | K7: NASA | L7: =COUNTIF('Base de datos'!$J$2:$J$151,"*"&$K7&"*") -> 0
B8: 1990-1999 | C8: =COUNTIFS('Base de datos'!$E$2:$E$151,">="&1990,'Base de datos'!$E$2:$E$151,"<="&1999) -> 0 | E8: Modelo dinámico | F8: =COUNTIF('Base de datos'!$M$2:$M$151,"Sí") -> 0 | H8: Conference | I8: =COUNTIF('Base de datos'!$I$2:$I$151,"Conference") -> 0 | K8: ESA | L8: =COUNTIF('Base de datos'!$J$2:$J$151,"*"&$K8&"*") -> 0
B9: 2000-2009 | C9: =COUNTIFS('Base de datos'!$E$2:$E$151,">="&2000,'Base de datos'!$E$2:$E$151,"<="&2009) -> 0 | E9: Aerodinámica | F9: =COUNTIF('Base de datos'!$N$2:$N$151,"Sí") -> 0 | H9: Thesis | I9: =COUNTIF('Base de datos'!$I$2:$I$151,"Thesis") -> 0 | K9: JAXA | L9: =COUNTIF('Base de datos'!$J$2:$J$151,"*"&$K9&"*") -> 0
B10: 2010-2019 | C10: =COUNTIFS('Base de datos'!$E$2:$E$151,">="&2010,'Base de datos'!$E$2:$E$151,"<="&2019) -> 0 | E10: Propulsión | F10: =COUNTIF('Base de datos'!$O$2:$O$151,"Sí") -> 0 | H10: Report | I10: =COUNTIF('Base de datos'!$I$2:$I$151,"Report") -> 0 | K10: DLR | L10: =COUNTIF('Base de datos'!$J$2:$J$151,"*"&$K10&"*") -> 1
B11: 2020-2029 | C11: =COUNTIFS('Base de datos'!$E$2:$E$151,">="&2020,'Base de datos'!$E$2:$E$151,"<="&2029) -> 1 | E11: Actuadores | F11: =COUNTIF('Base de datos'!$P$2:$P$151,"Sí") -> 0 | H11: Book | I11: =COUNTIF('Base de datos'!$I$2:$I$151,"Book") -> 0 | K11: Universidad | L11: =COUNTIF('Base de datos'!$J$2:$J$151,"*"&$K11&"*") -> 0
B12: 2030+ | C12: =COUNTIFS('Base de datos'!$E$2:$E$151,">=2030") -> 0 | E12: Sensores | F12: =COUNTIF('Base de datos'!$Q$2:$Q$151,"Sí") -> 0 | H12: Review | I12: =COUNTIF('Base de datos'!$I$2:$I$151,"Review") -> 0 | K12: Otro | L12: =COUNTIF('Base de datos'!$J$2:$J$151,"*"&$K12&"*") -> 0
E13: Guidance | F13: =COUNTIF('Base de datos'!$R$2:$R$151,"Sí") -> 0
E14: Navigation | F14: =COUNTIF('Base de datos'!$S$2:$S$151,"Sí") -> 0
E15: Control | F15: =COUNTIF('Base de datos'!$T$2:$T$151,"Sí") -> 1
E16: GNC | F16: =COUNTIF('Base de datos'!$U$2:$U$151,"Sí") -> 1
E17: Robust Control | F17: =COUNTIF('Base de datos'!$V$2:$V$151,"Sí") -> 0
E18: Adaptive Control | F18: =COUNTIF('Base de datos'!$W$2:$W$151,"Sí") -> 0
E19: MPC | F19: =COUNTIF('Base de datos'!$X$2:$X$151,"Sí") -> 1
E20: LQR | F20: =COUNTIF('Base de datos'!$Y$2:$Y$151,"Sí") -> 0
E21: PID | F21: =COUNTIF('Base de datos'!$Z$2:$Z$151,"Sí") -> 0
E22: Sliding Mode | F22: =COUNTIF('Base de datos'!$AA$2:$AA$151,"Sí") -> 0
E23: H-infinito | F23: =COUNTIF('Base de datos'!$AB$2:$AB$151,"Sí") -> 0
E24: Hardware-in-the-Loop | F24: =COUNTIF('Base de datos'!$AC$2:$AC$151,"Sí") -> 0
B25: Papers por tipo de controlador
B26: Categoría | C26: N° de papers
B27: PID | C27: =COUNTIF('Base de datos'!$BG$2:$BG$151,"PID") -> 0 | E27: Papers por tipo de incertidumbre
B28: LQR | C28: =COUNTIF('Base de datos'!$BG$2:$BG$151,"LQR") -> 0 | E28: Categoría | F28: N° de papers
B29: LQG | C29: =COUNTIF('Base de datos'!$BG$2:$BG$151,"LQG") -> 0 | E29: Masa | F29: =COUNTIF('Base de datos'!$AM$2:$AM$151,"Sí") -> 0
B30: MPC | C30: =COUNTIF('Base de datos'!$BG$2:$BG$151,"MPC") -> 0 | E30: Centro de gravedad | F30: =COUNTIF('Base de datos'!$AN$2:$AN$151,"Sí") -> 0
B31: NMPC | C31: =COUNTIF('Base de datos'!$BG$2:$BG$151,"NMPC") -> 1 | E31: Momentos de inercia | F31: =COUNTIF('Base de datos'!$AO$2:$AO$151,"Sí") -> 0
B32: Sliding Mode | C32: =COUNTIF('Base de datos'!$BG$2:$BG$151,"Sliding Mode") -> 0 | E32: Coeficientes aerodinámicos | F32: =COUNTIF('Base de datos'!$AP$2:$AP$151,"Sí") -> 1
B33: H-infinito | C33: =COUNTIF('Base de datos'!$BG$2:$BG$151,"H-infinito") -> 0 | E33: Empuje | F33: =COUNTIF('Base de datos'!$AQ$2:$AQ$151,"Sí") -> 0
B34: Adaptativo | C34: =COUNTIF('Base de datos'!$BG$2:$BG$151,"Adaptativo") -> 0 | E34: Actuadores | F34: =COUNTIF('Base de datos'!$AR$2:$AR$151,"Sí") -> 0
B35: Robusto (mu-synthesis) | C35: =COUNTIF('Base de datos'!$BG$2:$BG$151,"Robusto (mu-synthesis)") -> 0 | E35: Sensores | F35: =COUNTIF('Base de datos'!$AS$2:$AS$151,"Sí") -> 0
B36: Backstepping | C36: =COUNTIF('Base de datos'!$BG$2:$BG$151,"Backstepping") -> 0 | E36: Viento | F36: =COUNTIF('Base de datos'!$AT$2:$AT$151,"Sí") -> 0
B37: Gain Scheduling | C37: =COUNTIF('Base de datos'!$BG$2:$BG$151,"Gain Scheduling") -> 0 | E37: Turbulencia | F37: =COUNTIF('Base de datos'!$AU$2:$AU$151,"Sí") -> 0
B38: Ninguno / No aplica | C38: =COUNTIF('Base de datos'!$BG$2:$BG$151,"Ninguno / No aplica") -> 0 | E38: Dinámicas no modeladas | F38: =COUNTIF('Base de datos'!$AV$2:$AV$151,"Sí") -> 0
B39: Otro | C39: =COUNTIF('Base de datos'!$BG$2:$BG$151,"Otro") -> 0 | E39: Otros | F39: =COUNTIF('Base de datos'!$AW$2:$AW$151,"Sí") -> 0

Sheet Estado de lectura
B2: Panel de estado de lectura
B3: Indicadores calculados automáticamente desde 'Base de datos'.
B5: Total papers | D5: Pendiente | F5: Leyendo | H5: Leído | J5: Analizado | L5: Papers fundamentales (Relevancia=5 y citaré=Sí) | N5: Papers complementarios (Relevancia<=2)
B6: =COUNTIF('Base de datos'!$C$2:$C$151,"<>") -> 1 | D6: =COUNTIF('Base de datos'!$B$2:$B$151,"Pendiente") -> 0 | F6: =COUNTIF('Base de datos'!$B$2:$B$151,"Leyendo") -> 0 | H6: =COUNTIF('Base de datos'!$B$2:$B$151,"Leído") -> 0 | J6: =COUNTIF('Base de datos'!$B$2:$B$151,"Analizado") -> 1 | L6: =COUNTIFS('Base de datos'!$BW$2:$BW$151,"5",'Base de datos'!$BY$2:$BY$151,"Sí") -> 1 | N6: =COUNTIFS('Base de datos'!$BW$2:$BW$151,"1")+COUNTIFS('Base de datos'!$BW$2:$BW$151,"2") -> 0
B9: % de papers Analizados | D9: =IFERROR(COUNTIF('Base de datos'!$B$2:$B$151,"Analizado")/COUNTIF('Base de datos'!$C$2:$C$151,"<>"),0) -> 1
B12: Distribución por estado
B13: Estado | C13: N° de papers
B14: Pendiente | C14: =COUNTIF('Base de datos'!$B$2:$B$151,"Pendiente") -> 0
B15: Leyendo | C15: =COUNTIF('Base de datos'!$B$2:$B$151,"Leyendo") -> 0
B16: Leído | C16: =COUNTIF('Base de datos'!$B$2:$B$151,"Leído") -> 0
B17: Analizado | C17: =COUNTIF('Base de datos'!$B$2:$B$151,"Analizado") -> 1
B20: Sugerencia: usa el filtro de la columna 'Estado' en la hoja 'Base de datos' para ver el listado completo de cada categoría (Pendiente, Leyendo, Leído, Analizado).

Sheet Resumen estado del arte
A1: ID | B1: Título | C1: Tipo de vehículo | D1: Modelo dinámico | E1: Incertidumbres consideradas | F1: Magnitud | G1: Distribución | H1: Monte Carlo | I1: Controlador | J1: Validación | K1: HIL | L1: Principal contribución
A2: =IF('Base de datos'!A2="","",'Base de datos'!A2) -> 1 | B2: =IF('Base de datos'!C2="","",'Base de datos'!C2) -> Robust Nonlinear Model Predictive Control for a Highly Maneuverable Aircraft | C2: =IF('Base de datos'!K2="","",'Base de datos'!K2) -> Aeronave ADMIRE (fighter-type) | D2: =IF('Base de datos'!BH2="","",'Base de datos'!BH2) -> 6-DOF no lineal (ADMIRE) | E2: =_xlfn.TEXTJOIN(", ",TRUE(),IF('Base de datos'!$AM$2="Sí","Masa",""),IF('Base de datos'!$AN$2="Sí","Centro de gravedad",""),IF('Base de datos'!$AO$2="Sí","Momentos de inercia",""),IF('Base de datos'!$AP$2="Sí","Coeficientes aerodinámicos",""),IF('Base de datos'!$AQ$2="Sí","Empuje",""),IF('Base de datos'!$AR$2="Sí","Actuadores",""),IF('Base de datos'!$AS$2="Sí","Sensores",""),IF('Base de datos'!$AT$2="Sí","Viento",""),IF('Base de datos'!$AU$2="Sí","Turbulencia",""),IF('Base de datos'!$AV$2="Sí","Dinámicas no modeladas",""),IF('Base de datos'!$AW$2="Sí","Otros","")) -> Coeficientes aerodinámicos | F2: =IF('Base de datos'!AY2="","",'Base de datos'!AY2) | G2: =IF('Base de datos'!AZ2="","",'Base de datos'!AZ2) | H2: =IF('Base de datos'!BB2="Sí","Sí ("&'Base de datos'!BD2&", n="&'Base de datos'!BC2&")",IF('Base de datos'!BB2="","",'Base de datos'!BB2)) -> No | I2: =IF('Base de datos'!BG2="","",'Base de datos'!BG2) -> NMPC | J2: =_xlfn.TEXTJOIN(", ",TRUE(),IF('Base de datos'!BB2="Sí","Monte Carlo",""),IF('Base de datos'!BM2="Sí","HIL",""),IF('Base de datos'!BL2="Sí","Robustez analítica","")) | K2: =IF('Base de datos'!BM2="","",'Base de datos'!BM2) -> No | L2: =IF('Base de datos'!BS2="","",'Base de datos'!BS2) -> Formulación NMPC de doble lazo (interno/externo) con linealización por realimentación para maniobras agresivas.
A3: =IF('Base de datos'!A3="","",'Base de datos'!A3) | B3: =IF('Base de datos'!C3="","",'Base de datos'!C3) | C3: =IF('Base de datos'!K3="","",'Base de datos'!K3) | D3: =IF('Base de datos'!BH3="","",'Base de datos'!BH3) | E3: =_xlfn.TEXTJOIN(", ",TRUE(),IF('Base de datos'!$AM$3="Sí","Masa",""),IF('Base de datos'!$AN$3="Sí","Centro de gravedad",""),IF('Base de datos'!$AO$3="Sí","Momentos de inercia",""),IF('Base de datos'!$AP$3="Sí","Coeficientes aerodinámicos",""),IF('Base de datos'!$AQ$3="Sí","Empuje",""),IF('Base de datos'!$AR$3="Sí","Actuadores",""),IF('Base de datos'!$AS$3="Sí","Sensores",""),IF('Base de datos'!$AT$3="Sí","Viento",""),IF('Base de datos'!$AU$3="Sí","Turbulencia",""),IF('Base de datos'!$AV$3="Sí","Dinámicas no modeladas",""),IF('Base de datos'!$AW$3="Sí","Otros","")) | F3: =IF('Base de datos'!AY3="","",'Base de datos'!AY3) | G3: =IF('Base de datos'!AZ3="","",'Base de datos'!AZ3) | H3: =IF('Base de datos'!BB3="Sí","Sí ("&'Base de datos'!BD3&", n="&'Base de datos'!BC3&")",IF('Base de datos'!BB3="","",'Base de datos'!BB3)) | I3: =IF('Base de datos'!BG3="","",'Base de datos'!BG3) | J3: =_xlfn.TEXTJOIN(", ",TRUE(),IF('Base de datos'!BB3="Sí","Monte Carlo",""),IF('Base de datos'!BM3="Sí","HIL",""),IF('Base de datos'!BL3="Sí","Robustez analítica","")) | K3: =IF('Base de datos'!BM3="","",'Base de datos'!BM3) | L3: =IF('Base de datos'!BS3="","",'Base de datos'!BS3)
A4: =IF('Base de datos'!A4="","",'Base de datos'!A4) | B4: =IF('Base de datos'!C4="","",'Base de datos'!C4) | C4: =IF('Base de datos'!K4="","",'Base de datos'!K4) | D4: =IF('Base de datos'!BH4="","",'Base de datos'!BH4) | E4: =_xlfn.TEXTJOIN(", ",TRUE(),IF('Base de datos'!$AM$4="Sí","Masa",""),IF('Base de datos'!$AN$4="Sí","Centro de gravedad",""),IF('Base de datos'!$AO$4="Sí","Momentos de inercia",""),IF('Base de datos'!$AP$4="Sí","Coeficientes aerodinámicos",""),IF('Base de datos'!$AQ$4="Sí","Empuje",""),IF('Base de datos'!$AR$4="Sí","Actuadores",""),IF('Base de datos'!$AS$4="Sí","Sensores",""),IF('Base de datos'!$AT$4="Sí","Viento",""),IF('Base de datos'!$AU$4="Sí","Turbulencia",""),IF('Base de datos'!$AV$4="Sí","Dinámicas no modeladas",""),IF('Base de datos'!$AW$4="Sí","Otros","")) | F4: =IF('Base de datos'!AY4="","",'Base de datos'!AY4) | G4: =IF('Base de datos'!AZ4="","",'Base de datos'!AZ4) | H4: =IF('Base de datos'!BB4="Sí","Sí ("&'Base de datos'!BD4&", n="&'Base de datos'!BC4&")",IF('Base de datos'!BB4="","",'Base de datos'!BB4)) | I4: =IF('Base de datos'!BG4="","",'Base de datos'!BG4) | J4: =_xlfn.TEXTJOIN(", ",TRUE(),IF('Base de datos'!BB4="Sí","Monte Carlo",""),IF('Base de datos'!BM4="Sí","HIL",""),IF('Base de datos'!BL4="Sí","Robustez analítica","")) | K4: =IF('Base de datos'!BM4="","",'Base de datos'!BM4) | L4: =IF('Base de datos'!BS4="","",'Base de datos'!BS4)
A5: =IF('Base de datos'!A5="","",'Base de datos'!A5) | B5: =IF('Base de datos'!C5="","",'Base de datos'!C5) | C5: =IF('Base de datos'!K5="","",'Base de datos'!K5) | D5: =IF('Base de datos'!BH5="","",'Base de datos'!BH5) | E5: =_xlfn.TEXTJOIN(", ",TRUE(),IF('Base de datos'!$AM$5="Sí","Masa",""),IF('Base de datos'!$AN$5="Sí","Centro de gravedad",""),IF('Base de datos'!$AO$5="Sí","Momentos de inercia",""),IF('Base de datos'!$AP$5="Sí","Coeficientes aerodinámicos",""),IF('Base de datos'!$AQ$5="Sí","Empuje",""),IF('Base de datos'!$AR$5="Sí","Actuadores",""),IF('Base de datos'!$AS$5="Sí","Sensores",""),IF('Base de datos'!$AT$5="Sí","Viento",""),IF('Base de datos'!$AU$5="Sí","Turbulencia",""),IF('Base de datos'!$AV$5="Sí","Dinámicas no modeladas",""),IF('Base de datos'!$AW$5="Sí","Otros","")) | F5: =IF('Base de datos'!AY5="","",'Base de datos'!AY5) | G5: =IF('Base de datos'!AZ5="","",'Base de datos'!AZ5) | H5: =IF('Base de datos'!BB5="Sí","Sí ("&'Base de datos'!BD5&", n="&'Base de datos'!BC5&")",IF('Base de datos'!BB5="","",'Base de datos'!BB5)) | I5: =IF('Base de datos'!BG5="","",'Base de datos'!BG5) | J5: =_xlfn.TEXTJOIN(", ",TRUE(),IF('Base de datos'!BB5="Sí","Monte Carlo",""),IF('Base de datos'!BM5="Sí","HIL",""),IF('Base de datos'!BL5="Sí","Robustez analítica","")) | K5: =IF('Base de datos'!BM5="","",'Base de datos'!BM5) | L5: =IF('Base de datos'!BS5="","",'Base de datos'!BS5)
A6: =IF('Base de datos'!A6="","",'Base de datos'!A6) | B6: =IF('Base de datos'!C6="","",'Base de datos'!C6) | C6: =IF('Base de datos'!K6="","",'Base de datos'!K6) | D6: =IF('Base de datos'!BH6="","",'Base de datos'!BH6) | E6: =_xlfn.TEXTJOIN(", ",TRUE(),IF('Base de datos'!$AM$6="Sí","Masa",""),IF('Base de datos'!$AN$6="Sí","Centro de gravedad",""),IF('Base de datos'!$AO$6="Sí","Momentos de inercia",""),IF('Base de datos'!$AP$6="Sí","Coeficientes aerodinámicos",""),IF('Base de datos'!$AQ$6="Sí","Empuje",""),IF('Base de datos'!$AR$6="Sí","Actuadores",""),IF('Base de datos'!$AS$6="Sí","Sensores",""),IF('Base de datos'!$AT$6="Sí","Viento",""),IF('Base de datos'!$AU$6="Sí","Turbulencia",""),IF('Base de datos'!$AV$6="Sí","Dinámicas no modeladas",""),IF('Base de datos'!$AW$6="Sí","Otros","")) | F6: =IF('Base de datos'!AY6="","",'Base de datos'!AY6) | G6: =IF('Base de datos'!AZ6="","",'Base de datos'!AZ6) | H6: =IF('Base de datos'!BB6="Sí","Sí ("&'Base de datos'!BD6&", n="&'Base de datos'!BC6&")",IF('Base de datos'!BB6="","",'Base de datos'!BB6)) | I6: =IF('Base de datos'!BG6="","",'Base de datos'!BG6) | J6: =_xlfn.TEXTJOIN(", ",TRUE(),IF('Base de datos'!BB6="Sí","Monte Carlo",""),IF('Base de datos'!BM6="Sí","HIL",""),IF('Base de datos'!BL6="Sí","Robustez analítica","")) | K6: =IF('Base de datos'!BM6="","",'Base de datos'!BM6) | L6: =IF('Base de datos'!BS6="","",'Base de datos'!BS6)
A7: =IF('Base de datos'!A7="","",'Base de datos'!A7) | B7: =IF('Base de datos'!C7="","",'Base de datos'!C7) | C7: =IF('Base de datos'!K7="","",'Base de datos'!K7) | D7: =IF('Base de datos'!BH7="","",'Base de datos'!BH7) | E7: =_xlfn.TEXTJOIN(", ",TRUE(),IF('Base de datos'!$AM$7="Sí","Masa",""),IF('Base de datos'!$AN$7="Sí","Centro de gravedad",""),IF('Base de datos'!$AO$7="Sí","Momentos de inercia",""),IF('Base de datos'!$AP$7="Sí","Coeficientes aerodinámicos",""),IF('Base de datos'!$AQ$7="Sí","Empuje",""),IF('Base de datos'!$AR$7="Sí","Actuadores",""),IF('Base de datos'!$AS$7="Sí","Sensores",""),IF('Base de datos'!$AT$7="Sí","Viento",""),IF('Base de datos'!$AU$7="Sí","Turbulencia",""),IF('Base de datos'!$AV$7="Sí","Dinámicas no modeladas",""),IF('Base de datos'!$AW$7="Sí","Otros","")) | F7: =IF('Base de datos'!AY7="","",'Base de datos'!AY7) | G7: =IF('Base de datos'!AZ7="","",'Base de datos'!AZ7) | H7: =IF('Base de datos'!BB7="Sí","Sí ("&'Base de datos'!BD7&", n="&'Base de datos'!BC7&")",IF('Base de datos'!BB7="","",'Base de datos'!BB7)) | I7: =IF('Base de datos'!BG7="","",'Base de datos'!BG7) | J7: =_xlfn.TEXTJOIN(", ",TRUE(),IF('Base de datos'!BB7="Sí","Monte Carlo",""),IF('Base de datos'!BM7="Sí","HIL",""),IF('Base de datos'!BL7="Sí","Robustez analítica","")) | K7: =IF('Base de datos'!BM7="","",'Base de datos'!BM7) | L7: =IF('Base de datos'!BS7="","",'Base de datos'!BS7)
A8: =IF('Base de datos'!A8="","",'Base de datos'!A8) | B8: =IF('Base de datos'!C8="","",'Base de datos'!C8) | C8: =IF('Base de datos'!K8="","",'Base de datos'!K8) | D8: =IF('Base de datos'!BH8="","",'Base de datos'!BH8) | E8: =_xlfn.TEXTJOIN(", ",TRUE(),IF('Base de datos'!$AM$8="Sí","Masa",""),IF('Base de datos'!$AN$8="Sí","Centro de gravedad",""),IF('Base de datos'!$AO$8="Sí","Momentos de inercia",""),IF('Base de datos'!$AP$8="Sí","Coeficientes aerodinámicos",""),IF('Base de datos'!$AQ$8="Sí","Empuje",""),IF('Base de datos'!$AR$8="Sí","Actuadores",""),IF('Base de datos'!$AS$8="Sí","Sensores",""),IF('Base de datos'!$AT$8="Sí","Viento",""),IF('Base de datos'!$AU$8="Sí","Turbulencia",""),IF('Base de datos'!$AV$8="Sí","Dinámicas no modeladas",""),IF('Base de datos'!$AW$8="Sí","Otros","")) | F8: =IF('Base de datos'!AY8="","",'Base de datos'!AY8) | G8: =IF('Base de datos'!AZ8="","",'Base de datos'!AZ8) | H8: =IF('Base de datos'!BB8="Sí","Sí ("&'Base de datos'!BD8&", n="&'Base de datos'!BC8&")",IF('Base de datos'!BB8="","",'Base de datos'!BB8)) | I8: =IF('Base de datos'!BG8="","",'Base de datos'!BG8) | J8: =_xlfn.TEXTJOIN(", ",TRUE(),IF('Base de datos'!BB8="Sí","Monte Carlo",""),IF('Base de datos'!BM8="Sí","HIL",""),IF('Base de datos'!BL8="Sí","Robustez analítica","")) | K8: =IF('Base de datos'!BM8="","",'Base de datos'!BM8) | L8: =IF('Base de datos'!BS8="","",'Base de datos'!BS8)
A9: =IF('Base de datos'!A9="","",'Base de datos'!A9) | B9: =IF('Base de datos'!C9="","",'Base de datos'!C9) | C9: =IF('Base de datos'!K9="","",'Base de datos'!K9) | D9: =IF('Base de datos'!BH9="","",'Base de datos'!BH9) | E9: =_xlfn.TEXTJOIN(", ",TRUE(),IF('Base de datos'!$AM$9="Sí","Masa",""),IF('Base de datos'!$AN$9="Sí","Centro de gravedad",""),IF('Base de datos'!$AO$9="Sí","Momentos de inercia",""),IF('Base de datos'!$AP$9="Sí","Coeficientes aerodinámicos",""),IF('Base de datos'!$AQ$9="Sí","Empuje",""),IF('Base de datos'!$AR$9="Sí","Actuadores",""),IF('Base de datos'!$AS$9="Sí","Sensores",""),IF('Base de datos'!$AT$9="Sí","Viento",""),IF('Base de datos'!$AU$9="Sí","Turbulencia",""),IF('Base de datos'!$AV$9="Sí","Dinámicas no modeladas",""),IF('Base de datos'!$AW$9="Sí","Otros","")) | F9: =IF('Base de datos'!AY9="","",'Base de datos'!AY9) | G9: =IF('Base de datos'!AZ9="","",'Base de datos'!AZ9) | H9: =IF('Base de datos'!BB9="Sí","Sí ("&'Base de datos'!BD9&", n="&'Base de datos'!BC9&")",IF('Base de datos'!BB9="","",'Base de datos'!BB9)) | I9: =IF('Base de datos'!BG9="","",'Base de datos'!BG9) | J9: =_xlfn.TEXTJOIN(", ",TRUE(),IF('Base de datos'!BB9="Sí","Monte Carlo",""),IF('Base de datos'!BM9="Sí","HIL",""),IF('Base de datos'!BL9="Sí","Robustez analítica","")) | K9: =IF('Base de datos'!BM9="","",'Base de datos'!BM9) | L9: =IF('Base de datos'!BS9="","",'Base de datos'!BS9)
A10: =IF('Base de datos'!A10="","",'Base de datos'!A10) | B10: =IF('Base de datos'!C10="","",'Base de datos'!C10) | C10: =IF('Base de datos'!K10="","",'Base de datos'!K10) | D10: =IF('Base de datos'!BH10="","",'Base de datos'!BH10) | E10: =_xlfn.TEXTJOIN(", ",TRUE(),IF('Base de datos'!$AM$10="Sí","Masa",""),IF('Base de datos'!$AN$10="Sí","Centro de gravedad",""),IF('Base de datos'!$AO$10="Sí","Momentos de inercia",""),IF('Base de datos'!$AP$10="Sí","Coeficientes aerodinámicos",""),IF('Base de datos'!$AQ$10="Sí","Empuje",""),IF('Base de datos'!$AR$10="Sí","Actuadores",""),IF('Base de datos'!$AS$10="Sí","Sensores",""),IF('Base de datos'!$AT$10="Sí","Viento",""),IF('Base de datos'!$AU$10="Sí","Turbulencia",""),IF('Base de datos'!$AV$10="Sí","Dinámicas no modeladas",""),IF('Base de datos'!$AW$10="Sí","Otros","")) | F10: =IF('Base de datos'!AY10="","",'Base de datos'!AY10) | G10: =IF('Base de datos'!AZ10="","",'Base de datos'!AZ10) | H10: =IF('Base de datos'!BB10="Sí","Sí ("&'Base de datos'!BD10&", n="&'Base de datos'!BC10&")",IF('Base de datos'!BB10="","",'Base de datos'!BB10)) | I10: =IF('Base de datos'!BG10="","",'Base de datos'!BG10) | J10: =_xlfn.TEXTJOIN(", ",TRUE(),IF('Base de datos'!BB10="Sí","Monte Carlo",""),IF('Base de datos'!BM10="Sí","HIL",""),IF('Base de datos'!BL10="Sí","Robustez analítica","")) | K10: =IF('Base de datos'!BM10="","",'Base de datos'!BM10) | L10: =IF('Base de datos'!BS10="","",'Base de datos'!BS10)
A11: =IF('Base de datos'!A11="","",'Base de datos'!A11) | B11: =IF('Base de datos'!C11="","",'Base de datos'!C11) | C11: =IF('Base de datos'!K11="","",'Base de datos'!K11) | D11: =IF('Base de datos'!BH11="","",'Base de datos'!BH11) | E11: =_xlfn.TEXTJOIN(", ",TRUE(),IF('Base de datos'!$AM$11="Sí","Masa",""),IF('Base de datos'!$AN$11="Sí","Centro de gravedad",""),IF('Base de datos'!$AO$11="Sí","Momentos de inercia",""),IF('Base de datos'!$AP$11="Sí","Coeficientes aerodinámicos",""),IF('Base de datos'!$AQ$11="Sí","Empuje",""),IF('Base de datos'!$AR$11="Sí","Actuadores",""),IF('Base de datos'!$AS$11="Sí","Sensores",""),IF('Base de datos'!$AT$11="Sí","Viento",""),IF('Base de datos'!$AU$11="Sí","Turbulencia",""),IF('Base de datos'!$AV$11="Sí","Dinámicas no modeladas",""),IF('Base de datos'!$AW$11="Sí","Otros","")) | F11: =IF('Base de datos'!AY11="","",'Base de datos'!AY11) | G11: =IF('Base de datos'!AZ11="","",'Base de datos'!AZ11) | H11: =IF('Base de datos'!BB11="Sí","Sí ("&'Base de datos'!BD11&", n="&'Base de datos'!BC11&")",IF('Base de datos'!BB11="","",'Base de datos'!BB11)) | I11: =IF('Base de datos'!BG11="","",'Base de datos'!BG11) | J11: =_xlfn.TEXTJOIN(", ",TRUE(),IF('Base de datos'!BB11="Sí","Monte Carlo",""),IF('Base de datos'!BM11="Sí","HIL",""),IF('Base de datos'!BL11="Sí","Robustez analítica","")) | K11: =IF('Base de datos'!BM11="","",'Base de datos'!BM11) | L11: =IF('Base de datos'!BS11="","",'Base de datos'!BS11)
A12: =IF('Base de datos'!A12="","",'Base de datos'!A12) | B12: =IF('Base de datos'!C12="","",'Base de datos'!C12) | C12: =IF('Base de datos'!K12="","",'Base de datos'!K12) | D12: =IF('Base de datos'!BH12="","",'Base de datos'!BH12) | E12: =_xlfn.TEXTJOIN(", ",TRUE(),IF('Base de datos'!$AM$12="Sí","Masa",""),IF('Base de datos'!$AN$12="Sí","Centro de gravedad",""),IF('Base de datos'!$AO$12="Sí","Momentos de inercia",""),IF('Base de datos'!$AP$12="Sí","Coeficientes aerodinámicos",""),IF('Base de datos'!$AQ$12="Sí","Empuje",""),IF('Base de datos'!$AR$12="Sí","Actuadores",""),IF('Base de datos'!$AS$12="Sí","Sensores",""),IF('Base de datos'!$AT$12="Sí","Viento",""),IF('Base de datos'!$AU$12="Sí","Turbulencia",""),IF('Base de datos'!$AV$12="Sí","Dinámicas no modeladas",""),IF('Base de datos'!$AW$12="Sí","Otros","")) | F12: =IF('Base de datos'!AY12="","",'Base de datos'!AY12) | G12: =IF('Base de datos'!AZ12="","",'Base de datos'!AZ12) | H12: =IF('Base de datos'!BB12="Sí","Sí ("&'Base de datos'!BD12&", n="&'Base de datos'!BC12&")",IF('Base de datos'!BB12="","",'Base de datos'!BB12)) | I12: =IF('Base de datos'!BG12="","",'Base de datos'!BG12) | J12: =_xlfn.TEXTJOIN(", ",TRUE(),IF('Base de datos'!BB12="Sí","Monte Carlo",""),IF('Base de datos'!BM12="Sí","HIL",""),IF('Base de datos'!BL12="Sí","Robustez analítica","")) | K12: =IF('Base de datos'!BM12="","",'Base de datos'!BM12) | L12: =IF('Base de datos'!BS12="","",'Base de datos'!BS12)
A13: =IF('Base de datos'!A13="","",'Base de datos'!A13) | B13: =IF('Base de datos'!C13="","",'Base de datos'!C13) | C13: =IF('Base de datos'!K13="","",'Base de datos'!K13) | D13: =IF('Base de datos'!BH13="","",'Base de datos'!BH13) | E13: =_xlfn.TEXTJOIN(", ",TRUE(),IF('Base de datos'!$AM$13="Sí","Masa",""),IF('Base de datos'!$AN$13="Sí","Centro de gravedad",""),IF('Base de datos'!$AO$13="Sí","Momentos de inercia",""),IF('Base de datos'!$AP$13="Sí","Coeficientes aerodinámicos",""),IF('Base de datos'!$AQ$13="Sí","Empuje",""),IF('Base de datos'!$AR$13="Sí","Actuadores",""),IF('Base de datos'!$AS$13="Sí","Sensores",""),IF('Base de datos'!$AT$13="Sí","Viento",""),IF('Base de datos'!$AU$13="Sí","Turbulencia",""),IF('Base de datos'!$AV$13="Sí","Dinámicas no modeladas",""),IF('Base de datos'!$AW$13="Sí","Otros","")) | F13: =IF('Base de datos'!AY13="","",'Base de datos'!AY13) | G13: =IF('Base de datos'!AZ13="","",'Base de datos'!AZ13) | H13: =IF('Base de datos'!BB13="Sí","Sí ("&'Base de datos'!BD13&", n="&'Base de datos'!BC13&")",IF('Base de datos'!BB13="","",'Base de datos'!BB13)) | I13: =IF('Base de datos'!BG13="","",'Base de datos'!BG13) | J13: =_xlfn.TEXTJOIN(", ",TRUE(),IF('Base de datos'!BB13="Sí","Monte Carlo",""),IF('Base de datos'!BM13="Sí","HIL",""),IF('Base de datos'!BL13="Sí","Robustez analítica","")) | K13: =IF('Base de datos'!BM13="","",'Base de datos'!BM13) | L13: =IF('Base de datos'!BS13="","",'Base de datos'!BS13)
A14: =IF('Base de datos'!A14="","",'Base de datos'!A14) | B14: =IF('Base de datos'!C14="","",'Base de datos'!C14) | C14: =IF('Base de datos'!K14="","",'Base de datos'!K14) | D14: =IF('Base de datos'!BH14="","",'Base de datos'!BH14) | E14: =_xlfn.TEXTJOIN(", ",TRUE(),IF('Base de datos'!$AM$14="Sí","Masa",""),IF('Base de datos'!$AN$14="Sí","Centro de gravedad",""),IF('Base de datos'!$AO$14="Sí","Momentos de inercia",""),IF('Base de datos'!$AP$14="Sí","Coeficientes aerodinámicos",""),IF('Base de datos'!$AQ$14="Sí","Empuje",""),IF('Base de datos'!$AR$14="Sí","Actuadores",""),IF('Base de datos'!$AS$14="Sí","Sensores",""),IF('Base de datos'!$AT$14="Sí","Viento",""),IF('Base de datos'!$AU$14="Sí","Turbulencia",""),IF('Base de datos'!$AV$14="Sí","Dinámicas no modeladas",""),IF('Base de datos'!$AW$14="Sí","Otros","")) | F14: =IF('Base de datos'!AY14="","",'Base de datos'!AY14) | G14: =IF('Base de datos'!AZ14="","",'Base de datos'!AZ14) | H14: =IF('Base de datos'!BB14="Sí","Sí ("&'Base de datos'!BD14&", n="&'Base de datos'!BC14&")",IF('Base de datos'!BB14="","",'Base de datos'!BB14)) | I14: =IF('Base de datos'!BG14="","",'Base de datos'!BG14) | J14: =_xlfn.TEXTJOIN(", ",TRUE(),IF('Base de datos'!BB14="Sí","Monte Carlo",""),IF('Base de datos'!BM14="Sí","HIL",""),IF('Base de datos'!BL14="Sí","Robustez analítica","")) | K14: =IF('Base de datos'!BM14="","",'Base de datos'!BM14) | L14: =IF('Base de datos'!BS14="","",'Base de datos'!BS14)
A15: =IF('Base de datos'!A15="","",'Base de datos'!A15) | B15: =IF('Base de datos'!C15="","",'Base de datos'!C15) | C15: =IF('Base de datos'!K15="","",'Base de datos'!K15) | D15: =IF('Base de datos'!BH15="","",'Base de datos'!BH15) | E15: =_xlfn.TEXTJOIN(", ",TRUE(),IF('Base de datos'!$AM$15="Sí","Masa",""),IF('Base de datos'!$AN$15="Sí","Centro de gravedad",""),IF('Base de datos'!$AO$15="Sí","Momentos de inercia",""),IF('Base de datos'!$AP$15="Sí","Coeficientes aerodinámicos",""),IF('Base de datos'!$AQ$15="Sí","Empuje",""),IF('Base de datos'!$AR$15="Sí","Actuadores",""),IF('Base de datos'!$AS$15="Sí","Sensores",""),IF('Base de datos'!$AT$15="Sí","Viento",""),IF('Base de datos'!$AU$15="Sí","Turbulencia",""),IF('Base de datos'!$AV$15="Sí","Dinámicas no modeladas",""),IF('Base de datos'!$AW$15="Sí","Otros","")) | F15: =IF('Base de datos'!AY15="","",'Base de datos'!AY15) | G15: =IF('Base de datos'!AZ15="","",'Base de datos'!AZ15) | H15: =IF('Base de datos'!BB15="Sí","Sí ("&'Base de datos'!BD15&", n="&'Base de datos'!BC15&")",IF('Base de datos'!BB15="","",'Base de datos'!BB15)) | I15: =IF('Base de datos'!BG15="","",'Base de datos'!BG15) | J15: =_xlfn.TEXTJOIN(", ",TRUE(),IF('Base de datos'!BB15="Sí","Monte Carlo",""),IF('Base de datos'!BM15="Sí","HIL",""),IF('Base de datos'!BL15="Sí","Robustez analítica","")) | K15: =IF('Base de datos'!BM15="","",'Base de datos'!BM15) | L15: =IF('Base de datos'!BS15="","",'Base de datos'!BS15)
A16: =IF('Base de datos'!A16="","",'Base de datos'!A16) | B16: =IF('Base de datos'!C16="","",'Base de datos'!C16) | C16: =IF('Base de datos'!K16="","",'Base de datos'!K16) | D16: =IF('Base de datos'!BH16="","",'Base de datos'!BH16) | E16: =_xlfn.TEXTJOIN(", ",TRUE(),IF('Base de datos'!$AM$16="Sí","Masa",""),IF('Base de datos'!$AN$16="Sí","Centro de gravedad",""),IF('Base de datos'!$AO$16="Sí","Momentos de inercia",""),IF('Base de datos'!$AP$16="Sí","Coeficientes aerodinámicos",""),IF('Base de datos'!$AQ$16="Sí","Empuje",""),IF('Base de datos'!$AR$16="Sí","Actuadores",""),IF('Base de datos'!$AS$16="Sí","Sensores",""),IF('Base de datos'!$AT$16="Sí","Viento",""),IF('Base de datos'!$AU$16="Sí","Turbulencia",""),IF('Base de datos'!$AV$16="Sí","Dinámicas no modeladas",""),IF('Base de datos'!$AW$16="Sí","Otros","")) | F16: =IF('Base de datos'!AY16="","",'Base de datos'!AY16) | G16: =IF('Base de datos'!AZ16="","",'Base de datos'!AZ16) | H16: =IF('Base de datos'!BB16="Sí","Sí ("&'Base de datos'!BD16&", n="&'Base de datos'!BC16&")",IF('Base de datos'!BB16="","",'Base de datos'!BB16)) | I16: =IF('Base de datos'!BG16="","",'Base de datos'!BG16) | J16: =_xlfn.TEXTJOIN(", ",TRUE(),IF('Base de datos'!BB16="Sí","Monte Carlo",""),IF('Base de datos'!BM16="Sí","HIL",""),IF('Base de datos'!BL16="Sí","Robustez analítica","")) | K16: =IF('Base de datos'!BM16="","",'Base de datos'!BM16) | L16: =IF('Base de datos'!BS16="","",'Base de datos'!BS16)
A17: =IF('Base de datos'!A17="","",'Base de datos'!A17) | B17: =IF('Base de datos'!C17="","",'Base de datos'!C17) | C17: =IF('Base de datos'!K17="","",'Base de datos'!K17) | D17: =IF('Base de datos'!BH17="","",'Base de datos'!BH17) | E17: =_xlfn.TEXTJOIN(", ",TRUE(),IF('Base de datos'!$AM$17="Sí","Masa",""),IF('Base de datos'!$AN$17="Sí","Centro de gravedad",""),IF('Base de datos'!$AO$17="Sí","Momentos de inercia",""),IF('Base de datos'!$AP$17="Sí","Coeficientes aerodinámicos",""),IF('Base de datos'!$AQ$17="Sí","Empuje",""),IF('Base de datos'!$AR$17="Sí","Actuadores",""),IF('Base de datos'!$AS$17="Sí","Sensores",""),IF('Base de datos'!$AT$17="Sí","Viento",""),IF('Base de datos'!$AU$17="Sí","Turbulencia",""),IF('Base de datos'!$AV$17="Sí","Dinámicas no modeladas",""),IF('Base de datos'!$AW$17="Sí","Otros","")) | F17: =IF('Base de datos'!AY17="","",'Base de datos'!AY17) | G17: =IF('Base de datos'!AZ17="","",'Base de datos'!AZ17) | H17: =IF('Base de datos'!BB17="Sí","Sí ("&'Base de datos'!BD17&", n="&'Base de datos'!BC17&")",IF('Base de datos'!BB17="","",'Base de datos'!BB17)) | I17: =IF('Base de datos'!BG17="","",'Base de datos'!BG17) | J17: =_xlfn.TEXTJOIN(", ",TRUE(),IF('Base de datos'!BB17="Sí","Monte Carlo",""),IF('Base de datos'!BM17="Sí","HIL",""),IF('Base de datos'!BL17="Sí","Robustez analítica","")) | K17: =IF('Base de datos'!BM17="","",'Base de datos'!BM17) | L17: =IF('Base de datos'!BS17="","",'Base de datos'!BS17)
A18: =IF('Base de datos'!A18="","",'Base de datos'!A18) | B18: =IF('Base de datos'!C18="","",'Base de datos'!C18) | C18: =IF('Base de datos'!K18="","",'Base de datos'!K18) | D18: =IF('Base de datos'!BH18="","",'Base de datos'!BH18) | E18: =_xlfn.TEXTJOIN(", ",TRUE(),IF('Base de datos'!$AM$18="Sí","Masa",""),IF('Base de datos'!$AN$18="Sí","Centro de gravedad",""),IF('Base de datos'!$AO$18="Sí","Momentos de inercia",""),IF('Base de datos'!$AP$18="Sí","Coeficientes aerodinámicos",""),IF('Base de datos'!$AQ$18="Sí","Empuje",""),IF('Base de datos'!$AR$18="Sí","Actuadores",""),IF('Base de datos'!$AS$18="Sí","Sensores",""),IF('Base de datos'!$AT$18="Sí","Viento",""),IF('Base de datos'!$AU$18="Sí","Turbulencia",""),IF('Base de datos'!$AV$18="Sí","Dinámicas no modeladas",""),IF('Base de datos'!$AW$18="Sí","Otros","")) | F18: =IF('Base de datos'!AY18="","",'Base de datos'!AY18) | G18: =IF('Base de datos'!AZ18="","",'Base de datos'!AZ18) | H18: =IF('Base de datos'!BB18="Sí","Sí ("&'Base de datos'!BD18&", n="&'Base de datos'!BC18&")",IF('Base de datos'!BB18="","",'Base de datos'!BB18)) | I18: =IF('Base de datos'!BG18="","",'Base de datos'!BG18) | J18: =_xlfn.TEXTJOIN(", ",TRUE(),IF('Base de datos'!BB18="Sí","Monte Carlo",""),IF('Base de datos'!BM18="Sí","HIL",""),IF('Base de datos'!BL18="Sí","Robustez analítica","")) | K18: =IF('Base de datos'!BM18="","",'Base de datos'!BM18) | L18: =IF('Base de datos'!BS18="","",'Base de datos'!BS18)
A19: =IF('Base de datos'!A19="","",'Base de datos'!A19) | B19: =IF('Base de datos'!C19="","",'Base de datos'!C19) | C19: =IF('Base de datos'!K19="","",'Base de datos'!K19) | D19: =IF('Base de datos'!BH19="","",'Base de datos'!BH19) | E19: =_xlfn.TEXTJOIN(", ",TRUE(),IF('Base de datos'!$AM$19="Sí","Masa",""),IF('Base de datos'!$AN$19="Sí","Centro de gravedad",""),IF('Base de datos'!$AO$19="Sí","Momentos de inercia",""),IF('Base de datos'!$AP$19="Sí","Coeficientes aerodinámicos",""),IF('Base de datos'!$AQ$19="Sí","Empuje",""),IF('Base de datos'!$AR$19="Sí","Actuadores",""),IF('Base de datos'!$AS$19="Sí","Sensores",""),IF('Base de datos'!$AT$19="Sí","Viento",""),IF('Base de datos'!$AU$19="Sí","Turbulencia",""),IF('Base de datos'!$AV$19="Sí","Dinámicas no modeladas",""),IF('Base de datos'!$AW$19="Sí","Otros","")) | F19: =IF('Base de datos'!AY19="","",'Base de datos'!AY19) | G19: =IF('Base de datos'!AZ19="","",'Base de datos'!AZ19) | H19: =IF('Base de datos'!BB19="Sí","Sí ("&'Base de datos'!BD19&", n="&'Base de datos'!BC19&")",IF('Base de datos'!BB19="","",'Base de datos'!BB19)) | I19: =IF('Base de datos'!BG19="","",'Base de datos'!BG19) | J19: =_xlfn.TEXTJOIN(", ",TRUE(),IF('Base de datos'!BB19="Sí","Monte Carlo",""),IF('Base de datos'!BM19="Sí","HIL",""),IF('Base de datos'!BL19="Sí","Robustez analítica","")) | K19: =IF('Base de datos'!BM19="","",'Base de datos'!BM19) | L19: =IF('Base de datos'!BS19="","",'Base de datos'!BS19)
A20: =IF('Base de datos'!A20="","",'Base de datos'!A20) | B20: =IF('Base de datos'!C20="","",'Base de datos'!C20) | C20: =IF('Base de datos'!K20="","",'Base de datos'!K20) | D20: =IF('Base de datos'!BH20="","",'Base de datos'!BH20) | E20: =_xlfn.TEXTJOIN(", ",TRUE(),IF('Base de datos'!$AM$20="Sí","Masa",""),IF('Base de datos'!$AN$20="Sí","Centro de gravedad",""),IF('Base de datos'!$AO$20="Sí","Momentos de inercia",""),IF('Base de datos'!$AP$20="Sí","Coeficientes aerodinámicos",""),IF('Base de datos'!$AQ$20="Sí","Empuje",""),IF('Base de datos'!$AR$20="Sí","Actuadores",""),IF('Base de datos'!$AS$20="Sí","Sensores",""),IF('Base de datos'!$AT$20="Sí","Viento",""),IF('Base de datos'!$AU$20="Sí","Turbulencia",""),IF('Base de datos'!$AV$20="Sí","Dinámicas no modeladas",""),IF('Base de datos'!$AW$20="Sí","Otros","")) | F20: =IF('Base de datos'!AY20="","",'Base de datos'!AY20) | G20: =IF('Base de datos'!AZ20="","",'Base de datos'!AZ20) | H20: =IF('Base de datos'!BB20="Sí","Sí ("&'Base de datos'!BD20&", n="&'Base de datos'!BC20&")",IF('Base de datos'!BB20="","",'Base de datos'!BB20)) | I20: =IF('Base de datos'!BG20="","",'Base de datos'!BG20) | J20: =_xlfn.TEXTJOIN(", ",TRUE(),IF('Base de datos'!BB20="Sí","Monte Carlo",""),IF('Base de datos'!BM20="Sí","HIL",""),IF('Base de datos'!BL20="Sí","Robustez analítica","")) | K20: =IF('Base de datos'!BM20="","",'Base de datos'!BM20) | L20: =IF('Base de datos'!BS20="","",'Base de datos'!BS20)
A21: =IF('Base de datos'!A21="","",'Base de datos'!A21) | B21: =IF('Base de datos'!C21="","",'Base de datos'!C21) | C21: =IF('Base de datos'!K21="","",'Base de datos'!K21) | D21: =IF('Base de datos'!BH21="","",'Base de datos'!BH21) | E21: =_xlfn.TEXTJOIN(", ",TRUE(),IF('Base de datos'!$AM$21="Sí","Masa",""),IF('Base de datos'!$AN$21="Sí","Centro de gravedad",""),IF('Base de datos'!$AO$21="Sí","Momentos de inercia",""),IF('Base de datos'!$AP$21="Sí","Coeficientes aerodinámicos",""),IF('Base de datos'!$AQ$21="Sí","Empuje",""),IF('Base de datos'!$AR$21="Sí","Actuadores",""),IF('Base de datos'!$AS$21="Sí","Sensores",""),IF('Base de datos'!$AT$21="Sí","Viento",""),IF('Base de datos'!$AU$21="Sí","Turbulencia",""),IF('Base de datos'!$AV$21="Sí","Dinámicas no modeladas",""),IF('Base de datos'!$AW$21="Sí","Otros","")) | F21: =IF('Base de datos'!AY21="","",'Base de datos'!AY21) | G21: =IF('Base de datos'!AZ21="","",'Base de datos'!AZ21) | H21: =IF('Base de datos'!BB21="Sí","Sí ("&'Base de datos'!BD21&", n="&'Base de datos'!BC21&")",IF('Base de datos'!BB21="","",'Base de datos'!BB21)) | I21: =IF('Base de datos'!BG21="","",'Base de datos'!BG21) | J21: =_xlfn.TEXTJOIN(", ",TRUE(),IF('Base de datos'!BB21="Sí","Monte Carlo",""),IF('Base de datos'!BM21="Sí","HIL",""),IF('Base de datos'!BL21="Sí","Robustez analítica","")) | K21: =IF('Base de datos'!BM21="","",'Base de datos'!BM21) | L21: =IF('Base de datos'!BS21="","",'Base de datos'!BS21)
A22: =IF('Base de datos'!A22="","",'Base de datos'!A22) | B22: =IF('Base de datos'!C22="","",'Base de datos'!C22) | C22: =IF('Base de datos'!K22="","",'Base de datos'!K22) | D22: =IF('Base de datos'!BH22="","",'Base de datos'!BH22) | E22: =_xlfn.TEXTJOIN(", ",TRUE(),IF('Base de datos'!$AM$22="Sí","Masa",""),IF('Base de datos'!$AN$22="Sí","Centro de gravedad",""),IF('Base de datos'!$AO$22="Sí","Momentos de inercia",""),IF('Base de datos'!$AP$22="Sí","Coeficientes aerodinámicos",""),IF('Base de datos'!$AQ$22="Sí","Empuje",""),IF('Base de datos'!$AR$22="Sí","Actuadores",""),IF('Base de datos'!$AS$22="Sí","Sensores",""),IF('Base de datos'!$AT$22="Sí","Viento",""),IF('Base de datos'!$AU$22="Sí","Turbulencia",""),IF('Base de datos'!$AV$22="Sí","Dinámicas no modeladas",""),IF('Base de datos'!$AW$22="Sí","Otros","")) | F22: =IF('Base de datos'!AY22="","",'Base de datos'!AY22) | G22: =IF('Base de datos'!AZ22="","",'Base de datos'!AZ22) | H22: =IF('Base de datos'!BB22="Sí","Sí ("&'Base de datos'!BD22&", n="&'Base de datos'!BC22&")",IF('Base de datos'!BB22="","",'Base de datos'!BB22)) | I22: =IF('Base de datos'!BG22="","",'Base de datos'!BG22) | J22: =_xlfn.TEXTJOIN(", ",TRUE(),IF('Base de datos'!BB22="Sí","Monte Carlo",""),IF('Base de datos'!BM22="Sí","HIL",""),IF('Base de datos'!BL22="Sí","Robustez analítica","")) | K22: =IF('Base de datos'!BM22="","",'Base de datos'!BM22) | L22: =IF('Base de datos'!BS22="","",'Base de datos'!BS22)
A23: =IF('Base de datos'!A23="","",'Base de datos'!A23) | B23: =IF('Base de datos'!C23="","",'Base de datos'!C23) | C23: =IF('Base de datos'!K23="","",'Base de datos'!K23) | D23: =IF('Base de datos'!BH23="","",'Base de datos'!BH23) | E23: =_xlfn.TEXTJOIN(", ",TRUE(),IF('Base de datos'!$AM$23="Sí","Masa",""),IF('Base de datos'!$AN$23="Sí","Centro de gravedad",""),IF('Base de datos'!$AO$23="Sí","Momentos de inercia",""),IF('Base de datos'!$AP$23="Sí","Coeficientes aerodinámicos",""),IF('Base de datos'!$AQ$23="Sí","Empuje",""),IF('Base de datos'!$AR$23="Sí","Actuadores",""),IF('Base de datos'!$AS$23="Sí","Sensores",""),IF('Base de datos'!$AT$23="Sí","Viento",""),IF('Base de datos'!$AU$23="Sí","Turbulencia",""),IF('Base de datos'!$AV$23="Sí","Dinámicas no modeladas",""),IF('Base de datos'!$AW$23="Sí","Otros","")) | F23: =IF('Base de datos'!AY23="","",'Base de datos'!AY23) | G23: =IF('Base de datos'!AZ23="","",'Base de datos'!AZ23) | H23: =IF('Base de datos'!BB23="Sí","Sí ("&'Base de datos'!BD23&", n="&'Base de datos'!BC23&")",IF('Base de datos'!BB23="","",'Base de datos'!BB23)) | I23: =IF('Base de datos'!BG23="","",'Base de datos'!BG23) | J23: =_xlfn.TEXTJOIN(", ",TRUE(),IF('Base de datos'!BB23="Sí","Monte Carlo",""),IF('Base de datos'!BM23="Sí","HIL",""),IF('Base de datos'!BL23="Sí","Robustez analítica","")) | K23: =IF('Base de datos'!BM23="","",'Base de datos'!BM23) | L23: =IF('Base de datos'!BS23="","",'Base de datos'!BS23)
A24: =IF('Base de datos'!A24="","",'Base de datos'!A24) | B24: =IF('Base de datos'!C24="","",'Base de datos'!C24) | C24: =IF('Base de datos'!K24="","",'Base de datos'!K24) | D24: =IF('Base de datos'!BH24="","",'Base de datos'!BH24) | E24: =_xlfn.TEXTJOIN(", ",TRUE(),IF('Base de datos'!$AM$24="Sí","Masa",""),IF('Base de datos'!$AN$24="Sí","Centro de gravedad",""),IF('Base de datos'!$AO$24="Sí","Momentos de inercia",""),IF('Base de datos'!$AP$24="Sí","Coeficientes aerodinámicos",""),IF('Base de datos'!$AQ$24="Sí","Empuje",""),IF('Base de datos'!$AR$24="Sí","Actuadores",""),IF('Base de datos'!$AS$24="Sí","Sensores",""),IF('Base de datos'!$AT$24="Sí","Viento",""),IF('Base de datos'!$AU$24="Sí","Turbulencia",""),IF('Base de datos'!$AV$24="Sí","Dinámicas no modeladas",""),IF('Base de datos'!$AW$24="Sí","Otros","")) | F24: =IF('Base de datos'!AY24="","",'Base de datos'!AY24) | G24: =IF('Base de datos'!AZ24="","",'Base de datos'!AZ24) | H24: =IF('Base de datos'!BB24="Sí","Sí ("&'Base de datos'!BD24&", n="&'Base de datos'!BC24&")",IF('Base de datos'!BB24="","",'Base de datos'!BB24)) | I24: =IF('Base de datos'!BG24="","",'Base de datos'!BG24) | J24: =_xlfn.TEXTJOIN(", ",TRUE(),IF('Base de datos'!BB24="Sí","Monte Carlo",""),IF('Base de datos'!BM24="Sí","HIL",""),IF('Base de datos'!BL24="Sí","Robustez analítica","")) | K24: =IF('Base de datos'!BM24="","",'Base de datos'!BM24) | L24: =IF('Base de datos'!BS24="","",'Base de datos'!BS24)
A25: =IF('Base de datos'!A25="","",'Base de datos'!A25) | B25: =IF('Base de datos'!C25="","",'Base de datos'!C25) | C25: =IF('Base de datos'!K25="","",'Base de datos'!K25) | D25: =IF('Base de datos'!BH25="","",'Base de datos'!BH25) | E25: =_xlfn.TEXTJOIN(", ",TRUE(),IF('Base de datos'!$AM$25="Sí","Masa",""),IF('Base de datos'!$AN$25="Sí","Centro de gravedad",""),IF('Base de datos'!$AO$25="Sí","Momentos de inercia",""),IF('Base de datos'!$AP$25="Sí","Coeficientes aerodinámicos",""),IF('Base de datos'!$AQ$25="Sí","Empuje",""),IF('Base de datos'!$AR$25="Sí","Actuadores",""),IF('Base de datos'!$AS$25="Sí","Sensores",""),IF('Base de datos'!$AT$25="Sí","Viento",""),IF('Base de datos'!$AU$25="Sí","Turbulencia",""),IF('Base de datos'!$AV$25="Sí","Dinámicas no modeladas",""),IF('Base de datos'!$AW$25="Sí","Otros","")) | F25: =IF('Base de datos'!AY25="","",'Base de datos'!AY25) | G25: =IF('Base de datos'!AZ25="","",'Base de datos'!AZ25) | H25: =IF('Base de datos'!BB25="Sí","Sí ("&'Base de datos'!BD25&", n="&'Base de datos'!BC25&")",IF('Base de datos'!BB25="","",'Base de datos'!BB25)) | I25: =IF('Base de datos'!BG25="","",'Base de datos'!BG25) | J25: =_xlfn.TEXTJOIN(", ",TRUE(),IF('Base de datos'!BB25="Sí","Monte Carlo",""),IF('Base de datos'!BM25="Sí","HIL",""),IF('Base de datos'!BL25="Sí","Robustez analítica","")) | K25: =IF('Base de datos'!BM25="","",'Base de datos'!BM25) | L25: =IF('Base de datos'!BS25="","",'Base de datos'!BS25)
A26: =IF('Base de datos'!A26="","",'Base de datos'!A26) | B26: =IF('Base de datos'!C26="","",'Base de datos'!C26) | C26: =IF('Base de datos'!K26="","",'Base de datos'!K26) | D26: =IF('Base de datos'!BH26="","",'Base de datos'!BH26) | E26: =_xlfn.TEXTJOIN(", ",TRUE(),IF('Base de datos'!$AM$26="Sí","Masa",""),IF('Base de datos'!$AN$26="Sí","Centro de gravedad",""),IF('Base de datos'!$AO$26="Sí","Momentos de inercia",""),IF('Base de datos'!$AP$26="Sí","Coeficientes aerodinámicos",""),IF('Base de datos'!$AQ$26="Sí","Empuje",""),IF('Base de datos'!$AR$26="Sí","Actuadores",""),IF('Base de datos'!$AS$26="Sí","Sensores",""),IF('Base de datos'!$AT$26="Sí","Viento",""),IF('Base de datos'!$AU$26="Sí","Turbulencia",""),IF('Base de datos'!$AV$26="Sí","Dinámicas no modeladas",""),IF('Base de datos'!$AW$26="Sí","Otros","")) | F26: =IF('Base de datos'!AY26="","",'Base de datos'!AY26) | G26: =IF('Base de datos'!AZ26="","",'Base de datos'!AZ26) | H26: =IF('Base de datos'!BB26="Sí","Sí ("&'Base de datos'!BD26&", n="&'Base de datos'!BC26&")",IF('Base de datos'!BB26="","",'Base de datos'!BB26)) | I26: =IF('Base de datos'!BG26="","",'Base de datos'!BG26) | J26: =_xlfn.TEXTJOIN(", ",TRUE(),IF('Base de datos'!BB26="Sí","Monte Carlo",""),IF('Base de datos'!BM26="Sí","HIL",""),IF('Base de datos'!BL26="Sí","Robustez analítica","")) | K26: =IF('Base de datos'!BM26="","",'Base de datos'!BM26) | L26: =IF('Base de datos'!BS26="","",'Base de datos'!BS26)
A27: =IF('Base de datos'!A27="","",'Base de datos'!A27) | B27: =IF('Base de datos'!C27="","",'Base de datos'!C27) | C27: =IF('Base de datos'!K27="","",'Base de datos'!K27) | D27: =IF('Base de datos'!BH27="","",'Base de datos'!BH27) | E27: =_xlfn.TEXTJOIN(", ",TRUE(),IF('Base de datos'!$AM$27="Sí","Masa",""),IF('Base de datos'!$AN$27="Sí","Centro de gravedad",""),IF('Base de datos'!$AO$27="Sí","Momentos de inercia",""),IF('Base de datos'!$AP$27="Sí","Coeficientes aerodinámicos",""),IF('Base de datos'!$AQ$27="Sí","Empuje",""),IF('Base de datos'!$AR$27="Sí","Actuadores",""),IF('Base de datos'!$AS$27="Sí","Sensores",""),IF('Base de datos'!$AT$27="Sí","Viento",""),IF('Base de datos'!$AU$27="Sí","Turbulencia",""),IF('Base de datos'!$AV$27="Sí","Dinámicas no modeladas",""),IF('Base de datos'!$AW$27="Sí","Otros","")) | F27: =IF('Base de datos'!AY27="","",'Base de datos'!AY27) | G27: =IF('Base de datos'!AZ27="","",'Base de datos'!AZ27) | H27: =IF('Base de datos'!BB27="Sí","Sí ("&'Base de datos'!BD27&", n="&'Base de datos'!BC27&")",IF('Base de datos'!BB27="","",'Base de datos'!BB27)) | I27: =IF('Base de datos'!BG27="","",'Base de datos'!BG27) | J27: =_xlfn.TEXTJOIN(", ",TRUE(),IF('Base de datos'!BB27="Sí","Monte Carlo",""),IF('Base de datos'!BM27="Sí","HIL",""),IF('Base de datos'!BL27="Sí","Robustez analítica","")) | K27: =IF('Base de datos'!BM27="","",'Base de datos'!BM27) | L27: =IF('Base de datos'!BS27="","",'Base de datos'!BS27)
A28: =IF('Base de datos'!A28="","",'Base de datos'!A28) | B28: =IF('Base de datos'!C28="","",'Base de datos'!C28) | C28: =IF('Base de datos'!K28="","",'Base de datos'!K28) | D28: =IF('Base de datos'!BH28="","",'Base de datos'!BH28) | E28: =_xlfn.TEXTJOIN(", ",TRUE(),IF('Base de datos'!$AM$28="Sí","Masa",""),IF('Base de datos'!$AN$28="Sí","Centro de gravedad",""),IF('Base de datos'!$AO$28="Sí","Momentos de inercia",""),IF('Base de datos'!$AP$28="Sí","Coeficientes aerodinámicos",""),IF('Base de datos'!$AQ$28="Sí","Empuje",""),IF('Base de datos'!$AR$28="Sí","Actuadores",""),IF('Base de datos'!$AS$28="Sí","Sensores",""),IF('Base de datos'!$AT$28="Sí","Viento",""),IF('Base de datos'!$AU$28="Sí","Turbulencia",""),IF('Base de datos'!$AV$28="Sí","Dinámicas no modeladas",""),IF('Base de datos'!$AW$28="Sí","Otros","")) | F28: =IF('Base de datos'!AY28="","",'Base de datos'!AY28) | G28: =IF('Base de datos'!AZ28="","",'Base de datos'!AZ28) | H28: =IF('Base de datos'!BB28="Sí","Sí ("&'Base de datos'!BD28&", n="&'Base de datos'!BC28&")",IF('Base de datos'!BB28="","",'Base de datos'!BB28)) | I28: =IF('Base de datos'!BG28="","",'Base de datos'!BG28) | J28: =_xlfn.TEXTJOIN(", ",TRUE(),IF('Base de datos'!BB28="Sí","Monte Carlo",""),IF('Base de datos'!BM28="Sí","HIL",""),IF('Base de datos'!BL28="Sí","Robustez analítica","")) | K28: =IF('Base de datos'!BM28="","",'Base de datos'!BM28) | L28: =IF('Base de datos'!BS28="","",'Base de datos'!BS28)
A29: =IF('Base de datos'!A29="","",'Base de datos'!A29) | B29: =IF('Base de datos'!C29="","",'Base de datos'!C29) | C29: =IF('Base de datos'!K29="","",'Base de datos'!K29) | D29: =IF('Base de datos'!BH29="","",'Base de datos'!BH29) | E29: =_xlfn.TEXTJOIN(", ",TRUE(),IF('Base de datos'!$AM$29="Sí","Masa",""),IF('Base de datos'!$AN$29="Sí","Centro de gravedad",""),IF('Base de datos'!$AO$29="Sí","Momentos de inercia",""),IF('Base de datos'!$AP$29="Sí","Coeficientes aerodinámicos",""),IF('Base de datos'!$AQ$29="Sí","Empuje",""),IF('Base de datos'!$AR$29="Sí","Actuadores",""),IF('Base de datos'!$AS$29="Sí","Sensores",""),IF('Base de datos'!$AT$29="Sí","Viento",""),IF('Base de datos'!$AU$29="Sí","Turbulencia",""),IF('Base de datos'!$AV$29="Sí","Dinámicas no modeladas",""),IF('Base de datos'!$AW$29="Sí","Otros","")) | F29: =IF('Base de datos'!AY29="","",'Base de datos'!AY29) | G29: =IF('Base de datos'!AZ29="","",'Base de datos'!AZ29) | H29: =IF('Base de datos'!BB29="Sí","Sí ("&'Base de datos'!BD29&", n="&'Base de datos'!BC29&")",IF('Base de datos'!BB29="","",'Base de datos'!BB29)) | I29: =IF('Base de datos'!BG29="","",'Base de datos'!BG29) | J29: =_xlfn.TEXTJOIN(", ",TRUE(),IF('Base de datos'!BB29="Sí","Monte Carlo",""),IF('Base de datos'!BM29="Sí","HIL",""),IF('Base de datos'!BL29="Sí","Robustez analítica","")) | K29: =IF('Base de datos'!BM29="","",'Base de datos'!BM29) | L29: =IF('Base de datos'!BS29="","",'Base de datos'!BS29)
A30: =IF('Base de datos'!A30="","",'Base de datos'!A30) | B30: =IF('Base de datos'!C30="","",'Base de datos'!C30) | C30: =IF('Base de datos'!K30="","",'Base de datos'!K30) | D30: =IF('Base de datos'!BH30="","",'Base de datos'!BH30) | E30: =_xlfn.TEXTJOIN(", ",TRUE(),IF('Base de datos'!$AM$30="Sí","Masa",""),IF('Base de datos'!$AN$30="Sí","Centro de gravedad",""),IF('Base de datos'!$AO$30="Sí","Momentos de inercia",""),IF('Base de datos'!$AP$30="Sí","Coeficientes aerodinámicos",""),IF('Base de datos'!$AQ$30="Sí","Empuje",""),IF('Base de datos'!$AR$30="Sí","Actuadores",""),IF('Base de datos'!$AS$30="Sí","Sensores",""),IF('Base de datos'!$AT$30="Sí","Viento",""),IF('Base de datos'!$AU$30="Sí","Turbulencia",""),IF('Base de datos'!$AV$30="Sí","Dinámicas no modeladas",""),IF('Base de datos'!$AW$30="Sí","Otros","")) | F30: =IF('Base de datos'!AY30="","",'Base de datos'!AY30) | G30: =IF('Base de datos'!AZ30="","",'Base de datos'!AZ30) | H30: =IF('Base de datos'!BB30="Sí","Sí ("&'Base de datos'!BD30&", n="&'Base de datos'!BC30&")",IF('Base de datos'!BB30="","",'Base de datos'!BB30)) | I30: =IF('Base de datos'!BG30="","",'Base de datos'!BG30) | J30: =_xlfn.TEXTJOIN(", ",TRUE(),IF('Base de datos'!BB30="Sí","Monte Carlo",""),IF('Base de datos'!BM30="Sí","HIL",""),IF('Base de datos'!BL30="Sí","Robustez analítica","")) | K30: =IF('Base de datos'!BM30="","",'Base de datos'!BM30) | L30: =IF('Base de datos'!BS30="","",'Base de datos'!BS30)
A31: =IF('Base de datos'!A31="","",'Base de datos'!A31) | B31: =IF('Base de datos'!C31="","",'Base de datos'!C31) | C31: =IF('Base de datos'!K31="","",'Base de datos'!K31) | D31: =IF('Base de datos'!BH31="","",'Base de datos'!BH31) | E31: =_xlfn.TEXTJOIN(", ",TRUE(),IF('Base de datos'!$AM$31="Sí","Masa",""),IF('Base de datos'!$AN$31="Sí","Centro de gravedad",""),IF('Base de datos'!$AO$31="Sí","Momentos de inercia",""),IF('Base de datos'!$AP$31="Sí","Coeficientes aerodinámicos",""),IF('Base de datos'!$AQ$31="Sí","Empuje",""),IF('Base de datos'!$AR$31="Sí","Actuadores",""),IF('Base de datos'!$AS$31="Sí","Sensores",""),IF('Base de datos'!$AT$31="Sí","Viento",""),IF('Base de datos'!$AU$31="Sí","Turbulencia",""),IF('Base de datos'!$AV$31="Sí","Dinámicas no modeladas",""),IF('Base de datos'!$AW$31="Sí","Otros","")) | F31: =IF('Base de datos'!AY31="","",'Base de datos'!AY31) | G31: =IF('Base de datos'!AZ31="","",'Base de datos'!AZ31) | H31: =IF('Base de datos'!BB31="Sí","Sí ("&'Base de datos'!BD31&", n="&'Base de datos'!BC31&")",IF('Base de datos'!BB31="","",'Base de datos'!BB31)) | I31: =IF('Base de datos'!BG31="","",'Base de datos'!BG31) | J31: =_xlfn.TEXTJOIN(", ",TRUE(),IF('Base de datos'!BB31="Sí","Monte Carlo",""),IF('Base de datos'!BM31="Sí","HIL",""),IF('Base de datos'!BL31="Sí","Robustez analítica","")) | K31: =IF('Base de datos'!BM31="","",'Base de datos'!BM31) | L31: =IF('Base de datos'!BS31="","",'Base de datos'!BS31)
A32: =IF('Base de datos'!A32="","",'Base de datos'!A32) | B32: =IF('Base de datos'!C32="","",'Base de datos'!C32) | C32: =IF('Base de datos'!K32="","",'Base de datos'!K32) | D32: =IF('Base de datos'!BH32="","",'Base de datos'!BH32) | E32: =_xlfn.TEXTJOIN(", ",TRUE(),IF('Base de datos'!$AM$32="Sí","Masa",""),IF('Base de datos'!$AN$32="Sí","Centro de gravedad",""),IF('Base de datos'!$AO$32="Sí","Momentos de inercia",""),IF('Base de datos'!$AP$32="Sí","Coeficientes aerodinámicos",""),IF('Base de datos'!$AQ$32="Sí","Empuje",""),IF('Base de datos'!$AR$32="Sí","Actuadores",""),IF('Base de datos'!$AS$32="Sí","Sensores",""),IF('Base de datos'!$AT$32="Sí","Viento",""),IF('Base de datos'!$AU$32="Sí","Turbulencia",""),IF('Base de datos'!$AV$32="Sí","Dinámicas no modeladas",""),IF('Base de datos'!$AW$32="Sí","Otros","")) | F32: =IF('Base de datos'!AY32="","",'Base de datos'!AY32) | G32: =IF('Base de datos'!AZ32="","",'Base de datos'!AZ32) | H32: =IF('Base de datos'!BB32="Sí","Sí ("&'Base de datos'!BD32&", n="&'Base de datos'!BC32&")",IF('Base de datos'!BB32="","",'Base de datos'!BB32)) | I32: =IF('Base de datos'!BG32="","",'Base de datos'!BG32) | J32: =_xlfn.TEXTJOIN(", ",TRUE(),IF('Base de datos'!BB32="Sí","Monte Carlo",""),IF('Base de datos'!BM32="Sí","HIL",""),IF('Base de datos'!BL32="Sí","Robustez analítica","")) | K32: =IF('Base de datos'!BM32="","",'Base de datos'!BM32) | L32: =IF('Base de datos'!BS32="","",'Base de datos'!BS32)
A33: =IF('Base de datos'!A33="","",'Base de datos'!A33) | B33: =IF('Base de datos'!C33="","",'Base de datos'!C33) | C33: =IF('Base de datos'!K33="","",'Base de datos'!K33) | D33: =IF('Base de datos'!BH33="","",'Base de datos'!BH33) | E33: =_xlfn.TEXTJOIN(", ",TRUE(),IF('Base de datos'!$AM$33="Sí","Masa",""),IF('Base de datos'!$AN$33="Sí","Centro de gravedad",""),IF('Base de datos'!$AO$33="Sí","Momentos de inercia",""),IF('Base de datos'!$AP$33="Sí","Coeficientes aerodinámicos",""),IF('Base de datos'!$AQ$33="Sí","Empuje",""),IF('Base de datos'!$AR$33="Sí","Actuadores",""),IF('Base de datos'!$AS$33="Sí","Sensores",""),IF('Base de datos'!$AT$33="Sí","Viento",""),IF('Base de datos'!$AU$33="Sí","Turbulencia",""),IF('Base de datos'!$AV$33="Sí","Dinámicas no modeladas",""),IF('Base de datos'!$AW$33="Sí","Otros","")) | F33: =IF('Base de datos'!AY33="","",'Base de datos'!AY33) | G33: =IF('Base de datos'!AZ33="","",'Base de datos'!AZ33) | H33: =IF('Base de datos'!BB33="Sí","Sí ("&'Base de datos'!BD33&", n="&'Base de datos'!BC33&")",IF('Base de datos'!BB33="","",'Base de datos'!BB33)) | I33: =IF('Base de datos'!BG33="","",'Base de datos'!BG33) | J33: =_xlfn.TEXTJOIN(", ",TRUE(),IF('Base de datos'!BB33="Sí","Monte Carlo",""),IF('Base de datos'!BM33="Sí","HIL",""),IF('Base de datos'!BL33="Sí","Robustez analítica","")) | K33: =IF('Base de datos'!BM33="","",'Base de datos'!BM33) | L33: =IF('Base de datos'!BS33="","",'Base de datos'!BS33)
A34: =IF('Base de datos'!A34="","",'Base de datos'!A34) | B34: =IF('Base de datos'!C34="","",'Base de datos'!C34) | C34: =IF('Base de datos'!K34="","",'Base de datos'!K34) | D34: =IF('Base de datos'!BH34="","",'Base de datos'!BH34) | E34: =_xlfn.TEXTJOIN(", ",TRUE(),IF('Base de datos'!$AM$34="Sí","Masa",""),IF('Base de datos'!$AN$34="Sí","Centro de gravedad",""),IF('Base de datos'!$AO$34="Sí","Momentos de inercia",""),IF('Base de datos'!$AP$34="Sí","Coeficientes aerodinámicos",""),IF('Base de datos'!$AQ$34="Sí","Empuje",""),IF('Base de datos'!$AR$34="Sí","Actuadores",""),IF('Base de datos'!$AS$34="Sí","Sensores",""),IF('Base de datos'!$AT$34="Sí","Viento",""),IF('Base de datos'!$AU$34="Sí","Turbulencia",""),IF('Base de datos'!$AV$34="Sí","Dinámicas no modeladas",""),IF('Base de datos'!$AW$34="Sí","Otros","")) | F34: =IF('Base de datos'!AY34="","",'Base de datos'!AY34) | G34: =IF('Base de datos'!AZ34="","",'Base de datos'!AZ34) | H34: =IF('Base de datos'!BB34="Sí","Sí ("&'Base de datos'!BD34&", n="&'Base de datos'!BC34&")",IF('Base de datos'!BB34="","",'Base de datos'!BB34)) | I34: =IF('Base de datos'!BG34="","",'Base de datos'!BG34) | J34: =_xlfn.TEXTJOIN(", ",TRUE(),IF('Base de datos'!BB34="Sí","Monte Carlo",""),IF('Base de datos'!BM34="Sí","HIL",""),IF('Base de datos'!BL34="Sí","Robustez analítica","")) | K34: =IF('Base de datos'!BM34="","",'Base de datos'!BM34) | L34: =IF('Base de datos'!BS34="","",'Base de datos'!BS34)
A35: =IF('Base de datos'!A35="","",'Base de datos'!A35) | B35: =IF('Base de datos'!C35="","",'Base de datos'!C35) | C35: =IF('Base de datos'!K35="","",'Base de datos'!K35) | D35: =IF('Base de datos'!BH35="","",'Base de datos'!BH35) | E35: =_xlfn.TEXTJOIN(", ",TRUE(),IF('Base de datos'!$AM$35="Sí","Masa",""),IF('Base de datos'!$AN$35="Sí","Centro de gravedad",""),IF('Base de datos'!$AO$35="Sí","Momentos de inercia",""),IF('Base de datos'!$AP$35="Sí","Coeficientes aerodinámicos",""),IF('Base de datos'!$AQ$35="Sí","Empuje",""),IF('Base de datos'!$AR$35="Sí","Actuadores",""),IF('Base de datos'!$AS$35="Sí","Sensores",""),IF('Base de datos'!$AT$35="Sí","Viento",""),IF('Base de datos'!$AU$35="Sí","Turbulencia",""),IF('Base de datos'!$AV$35="Sí","Dinámicas no modeladas",""),IF('Base de datos'!$AW$35="Sí","Otros","")) | F35: =IF('Base de datos'!AY35="","",'Base de datos'!AY35) | G35: =IF('Base de datos'!AZ35="","",'Base de datos'!AZ35) | H35: =IF('Base de datos'!BB35="Sí","Sí ("&'Base de datos'!BD35&", n="&'Base de datos'!BC35&")",IF('Base de datos'!BB35="","",'Base de datos'!BB35)) | I35: =IF('Base de datos'!BG35="","",'Base de datos'!BG35) | J35: =_xlfn.TEXTJOIN(", ",TRUE(),IF('Base de datos'!BB35="Sí","Monte Carlo",""),IF('Base de datos'!BM35="Sí","HIL",""),IF('Base de datos'!BL35="Sí","Robustez analítica","")) | K35: =IF('Base de datos'!BM35="","",'Base de datos'!BM35) | L35: =IF('Base de datos'!BS35="","",'Base de datos'!BS35)
A36: =IF('Base de datos'!A36="","",'Base de datos'!A36) | B36: =IF('Base de datos'!C36="","",'Base de datos'!C36) | C36: =IF('Base de datos'!K36="","",'Base de datos'!K36) | D36: =IF('Base de datos'!BH36="","",'Base de datos'!BH36) | E36: =_xlfn.TEXTJOIN(", ",TRUE(),IF('Base de datos'!$AM$36="Sí","Masa",""),IF('Base de datos'!$AN$36="Sí","Centro de gravedad",""),IF('Base de datos'!$AO$36="Sí","Momentos de inercia",""),IF('Base de datos'!$AP$36="Sí","Coeficientes aerodinámicos",""),IF('Base de datos'!$AQ$36="Sí","Empuje",""),IF('Base de datos'!$AR$36="Sí","Actuadores",""),IF('Base de datos'!$AS$36="Sí","Sensores",""),IF('Base de datos'!$AT$36="Sí","Viento",""),IF('Base de datos'!$AU$36="Sí","Turbulencia",""),IF('Base de datos'!$AV$36="Sí","Dinámicas no modeladas",""),IF('Base de datos'!$AW$36="Sí","Otros","")) | F36: =IF('Base de datos'!AY36="","",'Base de datos'!AY36) | G36: =IF('Base de datos'!AZ36="","",'Base de datos'!AZ36) | H36: =IF('Base de datos'!BB36="Sí","Sí ("&'Base de datos'!BD36&", n="&'Base de datos'!BC36&")",IF('Base de datos'!BB36="","",'Base de datos'!BB36)) | I36: =IF('Base de datos'!BG36="","",'Base de datos'!BG36) | J36: =_xlfn.TEXTJOIN(", ",TRUE(),IF('Base de datos'!BB36="Sí","Monte Carlo",""),IF('Base de datos'!BM36="Sí","HIL",""),IF('Base de datos'!BL36="Sí","Robustez analítica","")) | K36: =IF('Base de datos'!BM36="","",'Base de datos'!BM36) | L36: =IF('Base de datos'!BS36="","",'Base de datos'!BS36)
A37: =IF('Base de datos'!A37="","",'Base de datos'!A37) | B37: =IF('Base de datos'!C37="","",'Base de datos'!C37) | C37: =IF('Base de datos'!K37="","",'Base de datos'!K37) | D37: =IF('Base de datos'!BH37="","",'Base de datos'!BH37) | E37: =_xlfn.TEXTJOIN(", ",TRUE(),IF('Base de datos'!$AM$37="Sí","Masa",""),IF('Base de datos'!$AN$37="Sí","Centro de gravedad",""),IF('Base de datos'!$AO$37="Sí","Momentos de inercia",""),IF('Base de datos'!$AP$37="Sí","Coeficientes aerodinámicos",""),IF('Base de datos'!$AQ$37="Sí","Empuje",""),IF('Base de datos'!$AR$37="Sí","Actuadores",""),IF('Base de datos'!$AS$37="Sí","Sensores",""),IF('Base de datos'!$AT$37="Sí","Viento",""),IF('Base de datos'!$AU$37="Sí","Turbulencia",""),IF('Base de datos'!$AV$37="Sí","Dinámicas no modeladas",""),IF('Base de datos'!$AW$37="Sí","Otros","")) | F37: =IF('Base de datos'!AY37="","",'Base de datos'!AY37) | G37: =IF('Base de datos'!AZ37="","",'Base de datos'!AZ37) | H37: =IF('Base de datos'!BB37="Sí","Sí ("&'Base de datos'!BD37&", n="&'Base de datos'!BC37&")",IF('Base de datos'!BB37="","",'Base de datos'!BB37)) | I37: =IF('Base de datos'!BG37="","",'Base de datos'!BG37) | J37: =_xlfn.TEXTJOIN(", ",TRUE(),IF('Base de datos'!BB37="Sí","Monte Carlo",""),IF('Base de datos'!BM37="Sí","HIL",""),IF('Base de datos'!BL37="Sí","Robustez analítica","")) | K37: =IF('Base de datos'!BM37="","",'Base de datos'!BM37) | L37: =IF('Base de datos'!BS37="","",'Base de datos'!BS37)
A38: =IF('Base de datos'!A38="","",'Base de datos'!A38) | B38: =IF('Base de datos'!C38="","",'Base de datos'!C38) | C38: =IF('Base de datos'!K38="","",'Base de datos'!K38) | D38: =IF('Base de datos'!BH38="","",'Base de datos'!BH38) | E38: =_xlfn.TEXTJOIN(", ",TRUE(),IF('Base de datos'!$AM$38="Sí","Masa",""),IF('Base de datos'!$AN$38="Sí","Centro de gravedad",""),IF('Base de datos'!$AO$38="Sí","Momentos de inercia",""),IF('Base de datos'!$AP$38="Sí","Coeficientes aerodinámicos",""),IF('Base de datos'!$AQ$38="Sí","Empuje",""),IF('Base de datos'!$AR$38="Sí","Actuadores",""),IF('Base de datos'!$AS$38="Sí","Sensores",""),IF('Base de datos'!$AT$38="Sí","Viento",""),IF('Base de datos'!$AU$38="Sí","Turbulencia",""),IF('Base de datos'!$AV$38="Sí","Dinámicas no modeladas",""),IF('Base de datos'!$AW$38="Sí","Otros","")) | F38: =IF('Base de datos'!AY38="","",'Base de datos'!AY38) | G38: =IF('Base de datos'!AZ38="","",'Base de datos'!AZ38) | H38: =IF('Base de datos'!BB38="Sí","Sí ("&'Base de datos'!BD38&", n="&'Base de datos'!BC38&")",IF('Base de datos'!BB38="","",'Base de datos'!BB38)) | I38: =IF('Base de datos'!BG38="","",'Base de datos'!BG38) | J38: =_xlfn.TEXTJOIN(", ",TRUE(),IF('Base de datos'!BB38="Sí","Monte Carlo",""),IF('Base de datos'!BM38="Sí","HIL",""),IF('Base de datos'!BL38="Sí","Robustez analítica","")) | K38: =IF('Base de datos'!BM38="","",'Base de datos'!BM38) | L38: =IF('Base de datos'!BS38="","",'Base de datos'!BS38)
A39: =IF('Base de datos'!A39="","",'Base de datos'!A39) | B39: =IF('Base de datos'!C39="","",'Base de datos'!C39) | C39: =IF('Base de datos'!K39="","",'Base de datos'!K39) | D39: =IF('Base de datos'!BH39="","",'Base de datos'!BH39) | E39: =_xlfn.TEXTJOIN(", ",TRUE(),IF('Base de datos'!$AM$39="Sí","Masa",""),IF('Base de datos'!$AN$39="Sí","Centro de gravedad",""),IF('Base de datos'!$AO$39="Sí","Momentos de inercia",""),IF('Base de datos'!$AP$39="Sí","Coeficientes aerodinámicos",""),IF('Base de datos'!$AQ$39="Sí","Empuje",""),IF('Base de datos'!$AR$39="Sí","Actuadores",""),IF('Base de datos'!$AS$39="Sí","Sensores",""),IF('Base de datos'!$AT$39="Sí","Viento",""),IF('Base de datos'!$AU$39="Sí","Turbulencia",""),IF('Base de datos'!$AV$39="Sí","Dinámicas no modeladas",""),IF('Base de datos'!$AW$39="Sí","Otros","")) | F39: =IF('Base de datos'!AY39="","",'Base de datos'!AY39) | G39: =IF('Base de datos'!AZ39="","",'Base de datos'!AZ39) | H39: =IF('Base de datos'!BB39="Sí","Sí ("&'Base de datos'!BD39&", n="&'Base de datos'!BC39&")",IF('Base de datos'!BB39="","",'Base de datos'!BB39)) | I39: =IF('Base de datos'!BG39="","",'Base de datos'!BG39) | J39: =_xlfn.TEXTJOIN(", ",TRUE(),IF('Base de datos'!BB39="Sí","Monte Carlo",""),IF('Base de datos'!BM39="Sí","HIL",""),IF('Base de datos'!BL39="Sí","Robustez analítica","")) | K39: =IF('Base de datos'!BM39="","",'Base de datos'!BM39) | L39: =IF('Base de datos'!BS39="","",'Base de datos'!BS39)
A40: =IF('Base de datos'!A40="","",'Base de datos'!A40) | B40: =IF('Base de datos'!C40="","",'Base de datos'!C40) | C40: =IF('Base de datos'!K40="","",'Base de datos'!K40) | D40: =IF('Base de datos'!BH40="","",'Base de datos'!BH40) | E40: =_xlfn.TEXTJOIN(", ",TRUE(),IF('Base de datos'!$AM$40="Sí","Masa",""),IF('Base de datos'!$AN$40="Sí","Centro de gravedad",""),IF('Base de datos'!$AO$40="Sí","Momentos de inercia",""),IF('Base de datos'!$AP$40="Sí","Coeficientes aerodinámicos",""),IF('Base de datos'!$AQ$40="Sí","Empuje",""),IF('Base de datos'!$AR$40="Sí","Actuadores",""),IF('Base de datos'!$AS$40="Sí","Sensores",""),IF('Base de datos'!$AT$40="Sí","Viento",""),IF('Base de datos'!$AU$40="Sí","Turbulencia",""),IF('Base de datos'!$AV$40="Sí","Dinámicas no modeladas",""),IF('Base de datos'!$AW$40="Sí","Otros","")) | F40: =IF('Base de datos'!AY40="","",'Base de datos'!AY40) | G40: =IF('Base de datos'!AZ40="","",'Base de datos'!AZ40) | H40: =IF('Base de datos'!BB40="Sí","Sí ("&'Base de datos'!BD40&", n="&'Base de datos'!BC40&")",IF('Base de datos'!BB40="","",'Base de datos'!BB40)) | I40: =IF('Base de datos'!BG40="","",'Base de datos'!BG40) | J40: =_xlfn.TEXTJOIN(", ",TRUE(),IF('Base de datos'!BB40="Sí","Monte Carlo",""),IF('Base de datos'!BM40="Sí","HIL",""),IF('Base de datos'!BL40="Sí","Robustez analítica","")) | K40: =IF('Base de datos'!BM40="","",'Base de datos'!BM40) | L40: =IF('Base de datos'!BS40="","",'Base de datos'!BS40)
A41: =IF('Base de datos'!A41="","",'Base de datos'!A41) | B41: =IF('Base de datos'!C41="","",'Base de datos'!C41) | C41: =IF('Base de datos'!K41="","",'Base de datos'!K41) | D41: =IF('Base de datos'!BH41="","",'Base de datos'!BH41) | E41: =_xlfn.TEXTJOIN(", ",TRUE(),IF('Base de datos'!$AM$41="Sí","Masa",""),IF('Base de datos'!$AN$41="Sí","Centro de gravedad",""),IF('Base de datos'!$AO$41="Sí","Momentos de inercia",""),IF('Base de datos'!$AP$41="Sí","Coeficientes aerodinámicos",""),IF('Base de datos'!$AQ$41="Sí","Empuje",""),IF('Base de datos'!$AR$41="Sí","Actuadores",""),IF('Base de datos'!$AS$41="Sí","Sensores",""),IF('Base de datos'!$AT$41="Sí","Viento",""),IF('Base de datos'!$AU$41="Sí","Turbulencia",""),IF('Base de datos'!$AV$41="Sí","Dinámicas no modeladas",""),IF('Base de datos'!$AW$41="Sí","Otros","")) | F41: =IF('Base de datos'!AY41="","",'Base de datos'!AY41) | G41: =IF('Base de datos'!AZ41="","",'Base de datos'!AZ41) | H41: =IF('Base de datos'!BB41="Sí","Sí ("&'Base de datos'!BD41&", n="&'Base de datos'!BC41&")",IF('Base de datos'!BB41="","",'Base de datos'!BB41)) | I41: =IF('Base de datos'!BG41="","",'Base de datos'!BG41) | J41: =_xlfn.TEXTJOIN(", ",TRUE(),IF('Base de datos'!BB41="Sí","Monte Carlo",""),IF('Base de datos'!BM41="Sí","HIL",""),IF('Base de datos'!BL41="Sí","Robustez analítica","")) | K41: =IF('Base de datos'!BM41="","",'Base de datos'!BM41) | L41: =IF('Base de datos'!BS41="","",'Base de datos'!BS41)
A42: =IF('Base de datos'!A42="","",'Base de datos'!A42) | B42: =IF('Base de datos'!C42="","",'Base de datos'!C42) | C42: =IF('Base de datos'!K42="","",'Base de datos'!K42) | D42: =IF('Base de datos'!BH42="","",'Base de datos'!BH42) | E42: =_xlfn.TEXTJOIN(", ",TRUE(),IF('Base de datos'!$AM$42="Sí","Masa",""),IF('Base de datos'!$AN$42="Sí","Centro de gravedad",""),IF('Base de datos'!$AO$42="Sí","Momentos de inercia",""),IF('Base de datos'!$AP$42="Sí","Coeficientes aerodinámicos",""),IF('Base de datos'!$AQ$42="Sí","Empuje",""),IF('Base de datos'!$AR$42="Sí","Actuadores",""),IF('Base de datos'!$AS$42="Sí","Sensores",""),IF('Base de datos'!$AT$42="Sí","Viento",""),IF('Base de datos'!$AU$42="Sí","Turbulencia",""),IF('Base de datos'!$AV$42="Sí","Dinámicas no modeladas",""),IF('Base de datos'!$AW$42="Sí","Otros","")) | F42: =IF('Base de datos'!AY42="","",'Base de datos'!AY42) | G42: =IF('Base de datos'!AZ42="","",'Base de datos'!AZ42) | H42: =IF('Base de datos'!BB42="Sí","Sí ("&'Base de datos'!BD42&", n="&'Base de datos'!BC42&")",IF('Base de datos'!BB42="","",'Base de datos'!BB42)) | I42: =IF('Base de datos'!BG42="","",'Base de datos'!BG42) | J42: =_xlfn.TEXTJOIN(", ",TRUE(),IF('Base de datos'!BB42="Sí","Monte Carlo",""),IF('Base de datos'!BM42="Sí","HIL",""),IF('Base de datos'!BL42="Sí","Robustez analítica","")) | K42: =IF('Base de datos'!BM42="","",'Base de datos'!BM42) | L42: =IF('Base de datos'!BS42="","",'Base de datos'!BS42)
A43: =IF('Base de datos'!A43="","",'Base de datos'!A43) | B43: =IF('Base de datos'!C43="","",'Base de datos'!C43) | C43: =IF('Base de datos'!K43="","",'Base de datos'!K43) | D43: =IF('Base de datos'!BH43="","",'Base de datos'!BH43) | E43: =_xlfn.TEXTJOIN(", ",TRUE(),IF('Base de datos'!$AM$43="Sí","Masa",""),IF('Base de datos'!$AN$43="Sí","Centro de gravedad",""),IF('Base de datos'!$AO$43="Sí","Momentos de inercia",""),IF('Base de datos'!$AP$43="Sí","Coeficientes aerodinámicos",""),IF('Base de datos'!$AQ$43="Sí","Empuje",""),IF('Base de datos'!$AR$43="Sí","Actuadores",""),IF('Base de datos'!$AS$43="Sí","Sensores",""),IF('Base de datos'!$AT$43="Sí","Viento",""),IF('Base de datos'!$AU$43="Sí","Turbulencia",""),IF('Base de datos'!$AV$43="Sí","Dinámicas no modeladas",""),IF('Base de datos'!$AW$43="Sí","Otros","")) | F43: =IF('Base de datos'!AY43="","",'Base de datos'!AY43) | G43: =IF('Base de datos'!AZ43="","",'Base de datos'!AZ43) | H43: =IF('Base de datos'!BB43="Sí","Sí ("&'Base de datos'!BD43&", n="&'Base de datos'!BC43&")",IF('Base de datos'!BB43="","",'Base de datos'!BB43)) | I43: =IF('Base de datos'!BG43="","",'Base de datos'!BG43) | J43: =_xlfn.TEXTJOIN(", ",TRUE(),IF('Base de datos'!BB43="Sí","Monte Carlo",""),IF('Base de datos'!BM43="Sí","HIL",""),IF('Base de datos'!BL43="Sí","Robustez analítica","")) | K43: =IF('Base de datos'!BM43="","",'Base de datos'!BM43) | L43: =IF('Base de datos'!BS43="","",'Base de datos'!BS43)
A44: =IF('Base de datos'!A44="","",'Base de datos'!A44) | B44: =IF('Base de datos'!C44="","",'Base de datos'!C44) | C44: =IF('Base de datos'!K44="","",'Base de datos'!K44) | D44: =IF('Base de datos'!BH44="","",'Base de datos'!BH44) | E44: =_xlfn.TEXTJOIN(", ",TRUE(),IF('Base de datos'!$AM$44="Sí","Masa",""),IF('Base de datos'!$AN$44="Sí","Centro de gravedad",""),IF('Base de datos'!$AO$44="Sí","Momentos de inercia",""),IF('Base de datos'!$AP$44="Sí","Coeficientes aerodinámicos",""),IF('Base de datos'!$AQ$44="Sí","Empuje",""),IF('Base de datos'!$AR$44="Sí","Actuadores",""),IF('Base de datos'!$AS$44="Sí","Sensores",""),IF('Base de datos'!$AT$44="Sí","Viento",""),IF('Base de datos'!$AU$44="Sí","Turbulencia",""),IF('Base de datos'!$AV$44="Sí","Dinámicas no modeladas",""),IF('Base de datos'!$AW$44="Sí","Otros","")) | F44: =IF('Base de datos'!AY44="","",'Base de datos'!AY44) | G44: =IF('Base de datos'!AZ44="","",'Base de datos'!AZ44) | H44: =IF('Base de datos'!BB44="Sí","Sí ("&'Base de datos'!BD44&", n="&'Base de datos'!BC44&")",IF('Base de datos'!BB44="","",'Base de datos'!BB44)) | I44: =IF('Base de datos'!BG44="","",'Base de datos'!BG44) | J44: =_xlfn.TEXTJOIN(", ",TRUE(),IF('Base de datos'!BB44="Sí","Monte Carlo",""),IF('Base de datos'!BM44="Sí","HIL",""),IF('Base de datos'!BL44="Sí","Robustez analítica","")) | K44: =IF('Base de datos'!BM44="","",'Base de datos'!BM44) | L44: =IF('Base de datos'!BS44="","",'Base de datos'!BS44)
A45: =IF('Base de datos'!A45="","",'Base de datos'!A45) | B45: =IF('Base de datos'!C45="","",'Base de datos'!C45) | C45: =IF('Base de datos'!K45="","",'Base de datos'!K45) | D45: =IF('Base de datos'!BH45="","",'Base de datos'!BH45) | E45: =_xlfn.TEXTJOIN(", ",TRUE(),IF('Base de datos'!$AM$45="Sí","Masa",""),IF('Base de datos'!$AN$45="Sí","Centro de gravedad",""),IF('Base de datos'!$AO$45="Sí","Momentos de inercia",""),IF('Base de datos'!$AP$45="Sí","Coeficientes aerodinámicos",""),IF('Base de datos'!$AQ$45="Sí","Empuje",""),IF('Base de datos'!$AR$45="Sí","Actuadores",""),IF('Base de datos'!$AS$45="Sí","Sensores",""),IF('Base de datos'!$AT$45="Sí","Viento",""),IF('Base de datos'!$AU$45="Sí","Turbulencia",""),IF('Base de datos'!$AV$45="Sí","Dinámicas no modeladas",""),IF('Base de datos'!$AW$45="Sí","Otros","")) | F45: =IF('Base de datos'!AY45="","",'Base de datos'!AY45) | G45: =IF('Base de datos'!AZ45="","",'Base de datos'!AZ45) | H45: =IF('Base de datos'!BB45="Sí","Sí ("&'Base de datos'!BD45&", n="&'Base de datos'!BC45&")",IF('Base de datos'!BB45="","",'Base de datos'!BB45)) | I45: =IF('Base de datos'!BG45="","",'Base de datos'!BG45) | J45: =_xlfn.TEXTJOIN(", ",TRUE(),IF('Base de datos'!BB45="Sí","Monte Carlo",""),IF('Base de datos'!BM45="Sí","HIL",""),IF('Base de datos'!BL45="Sí","Robustez analítica","")) | K45: =IF('Base de datos'!BM45="","",'Base de datos'!BM45) | L45: =IF('Base de datos'!BS45="","",'Base de datos'!BS45)
A46: =IF('Base de datos'!A46="","",'Base de datos'!A46) | B46: =IF('Base de datos'!C46="","",'Base de datos'!C46) | C46: =IF('Base de datos'!K46="","",'Base de datos'!K46) | D46: =IF('Base de datos'!BH46="","",'Base de datos'!BH46) | E46: =_xlfn.TEXTJOIN(", ",TRUE(),IF('Base de datos'!$AM$46="Sí","Masa",""),IF('Base de datos'!$AN$46="Sí","Centro de gravedad",""),IF('Base de datos'!$AO$46="Sí","Momentos de inercia",""),IF('Base de datos'!$AP$46="Sí","Coeficientes aerodinámicos",""),IF('Base de datos'!$AQ$46="Sí","Empuje",""),IF('Base de datos'!$AR$46="Sí","Actuadores",""),IF('Base de datos'!$AS$46="Sí","Sensores",""),IF('Base de datos'!$AT$46="Sí","Viento",""),IF('Base de datos'!$AU$46="Sí","Turbulencia",""),IF('Base de datos'!$AV$46="Sí","Dinámicas no modeladas",""),IF('Base de datos'!$AW$46="Sí","Otros","")) | F46: =IF('Base de datos'!AY46="","",'Base de datos'!AY46) | G46: =IF('Base de datos'!AZ46="","",'Base de datos'!AZ46) | H46: =IF('Base de datos'!BB46="Sí","Sí ("&'Base de datos'!BD46&", n="&'Base de datos'!BC46&")",IF('Base de datos'!BB46="","",'Base de datos'!BB46)) | I46: =IF('Base de datos'!BG46="","",'Base de datos'!BG46) | J46: =_xlfn.TEXTJOIN(", ",TRUE(),IF('Base de datos'!BB46="Sí","Monte Carlo",""),IF('Base de datos'!BM46="Sí","HIL",""),IF('Base de datos'!BL46="Sí","Robustez analítica","")) | K46: =IF('Base de datos'!BM46="","",'Base de datos'!BM46) | L46: =IF('Base de datos'!BS46="","",'Base de datos'!BS46)
A47: =IF('Base de datos'!A47="","",'Base de datos'!A47) | B47: =IF('Base de datos'!C47="","",'Base de datos'!C47) | C47: =IF('Base de datos'!K47="","",'Base de datos'!K47) | D47: =IF('Base de datos'!BH47="","",'Base de datos'!BH47) | E47: =_xlfn.TEXTJOIN(", ",TRUE(),IF('Base de datos'!$AM$47="Sí","Masa",""),IF('Base de datos'!$AN$47="Sí","Centro de gravedad",""),IF('Base de datos'!$AO$47="Sí","Momentos de inercia",""),IF('Base de datos'!$AP$47="Sí","Coeficientes aerodinámicos",""),IF('Base de datos'!$AQ$47="Sí","Empuje",""),IF('Base de datos'!$AR$47="Sí","Actuadores",""),IF('Base de datos'!$AS$47="Sí","Sensores",""),IF('Base de datos'!$AT$47="Sí","Viento",""),IF('Base de datos'!$AU$47="Sí","Turbulencia",""),IF('Base de datos'!$AV$47="Sí","Dinámicas no modeladas",""),IF('Base de datos'!$AW$47="Sí","Otros","")) | F47: =IF('Base de datos'!AY47="","",'Base de datos'!AY47) | G47: =IF('Base de datos'!AZ47="","",'Base de datos'!AZ47) | H47: =IF('Base de datos'!BB47="Sí","Sí ("&'Base de datos'!BD47&", n="&'Base de datos'!BC47&")",IF('Base de datos'!BB47="","",'Base de datos'!BB47)) | I47: =IF('Base de datos'!BG47="","",'Base de datos'!BG47) | J47: =_xlfn.TEXTJOIN(", ",TRUE(),IF('Base de datos'!BB47="Sí","Monte Carlo",""),IF('Base de datos'!BM47="Sí","HIL",""),IF('Base de datos'!BL47="Sí","Robustez analítica","")) | K47: =IF('Base de datos'!BM47="","",'Base de datos'!BM47) | L47: =IF('Base de datos'!BS47="","",'Base de datos'!BS47)
A48: =IF('Base de datos'!A48="","",'Base de datos'!A48) | B48: =IF('Base de datos'!C48="","",'Base de datos'!C48) | C48: =IF('Base de datos'!K48="","",'Base de datos'!K48) | D48: =IF('Base de datos'!BH48="","",'Base de datos'!BH48) | E48: =_xlfn.TEXTJOIN(", ",TRUE(),IF('Base de datos'!$AM$48="Sí","Masa",""),IF('Base de datos'!$AN$48="Sí","Centro de gravedad",""),IF('Base de datos'!$AO$48="Sí","Momentos de inercia",""),IF('Base de datos'!$AP$48="Sí","Coeficientes aerodinámicos",""),IF('Base de datos'!$AQ$48="Sí","Empuje",""),IF('Base de datos'!$AR$48="Sí","Actuadores",""),IF('Base de datos'!$AS$48="Sí","Sensores",""),IF('Base de datos'!$AT$48="Sí","Viento",""),IF('Base de datos'!$AU$48="Sí","Turbulencia",""),IF('Base de datos'!$AV$48="Sí","Dinámicas no modeladas",""),IF('Base de datos'!$AW$48="Sí","Otros","")) | F48: =IF('Base de datos'!AY48="","",'Base de datos'!AY48) | G48: =IF('Base de datos'!AZ48="","",'Base de datos'!AZ48) | H48: =IF('Base de datos'!BB48="Sí","Sí ("&'Base de datos'!BD48&", n="&'Base de datos'!BC48&")",IF('Base de datos'!BB48="","",'Base de datos'!BB48)) | I48: =IF('Base de datos'!BG48="","",'Base de datos'!BG48) | J48: =_xlfn.TEXTJOIN(", ",TRUE(),IF('Base de datos'!BB48="Sí","Monte Carlo",""),IF('Base de datos'!BM48="Sí","HIL",""),IF('Base de datos'!BL48="Sí","Robustez analítica","")) | K48: =IF('Base de datos'!BM48="","",'Base de datos'!BM48) | L48: =IF('Base de datos'!BS48="","",'Base de datos'!BS48)
A49: =IF('Base de datos'!A49="","",'Base de datos'!A49) | B49: =IF('Base de datos'!C49="","",'Base de datos'!C49) | C49: =IF('Base de datos'!K49="","",'Base de datos'!K49) | D49: =IF('Base de datos'!BH49="","",'Base de datos'!BH49) | E49: =_xlfn.TEXTJOIN(", ",TRUE(),IF('Base de datos'!$AM$49="Sí","Masa",""),IF('Base de datos'!$AN$49="Sí","Centro de gravedad",""),IF('Base de datos'!$AO$49="Sí","Momentos de inercia",""),IF('Base de datos'!$AP$49="Sí","Coeficientes aerodinámicos",""),IF('Base de datos'!$AQ$49="Sí","Empuje",""),IF('Base de datos'!$AR$49="Sí","Actuadores",""),IF('Base de datos'!$AS$49="Sí","Sensores",""),IF('Base de datos'!$AT$49="Sí","Viento",""),IF('Base de datos'!$AU$49="Sí","Turbulencia",""),IF('Base de datos'!$AV$49="Sí","Dinámicas no modeladas",""),IF('Base de datos'!$AW$49="Sí","Otros","")) | F49: =IF('Base de datos'!AY49="","",'Base de datos'!AY49) | G49: =IF('Base de datos'!AZ49="","",'Base de datos'!AZ49) | H49: =IF('Base de datos'!BB49="Sí","Sí ("&'Base de datos'!BD49&", n="&'Base de datos'!BC49&")",IF('Base de datos'!BB49="","",'Base de datos'!BB49)) | I49: =IF('Base de datos'!BG49="","",'Base de datos'!BG49) | J49: =_xlfn.TEXTJOIN(", ",TRUE(),IF('Base de datos'!BB49="Sí","Monte Carlo",""),IF('Base de datos'!BM49="Sí","HIL",""),IF('Base de datos'!BL49="Sí","Robustez analítica","")) | K49: =IF('Base de datos'!BM49="","",'Base de datos'!BM49) | L49: =IF('Base de datos'!BS49="","",'Base de datos'!BS49)
A50: =IF('Base de datos'!A50="","",'Base de datos'!A50) | B50: =IF('Base de datos'!C50="","",'Base de datos'!C50) | C50: =IF('Base de datos'!K50="","",'Base de datos'!K50) | D50: =IF('Base de datos'!BH50="","",'Base de datos'!BH50) | E50: =_xlfn.TEXTJOIN(", ",TRUE(),IF('Base de datos'!$AM$50="Sí","Masa",""),IF('Base de datos'!$AN$50="Sí","Centro de gravedad",""),IF('Base de datos'!$AO$50="Sí","Momentos de inercia",""),IF('Base de datos'!$AP$50="Sí","Coeficientes aerodinámicos",""),IF('Base de datos'!$AQ$50="Sí","Empuje",""),IF('Base de datos'!$AR$50="Sí","Actuadores",""),IF('Base de datos'!$AS$50="Sí","Sensores",""),IF('Base de datos'!$AT$50="Sí","Viento",""),IF('Base de datos'!$AU$50="Sí","Turbulencia",""),IF('Base de datos'!$AV$50="Sí","Dinámicas no modeladas",""),IF('Base de datos'!$AW$50="Sí","Otros","")) | F50: =IF('Base de datos'!AY50="","",'Base de datos'!AY50) | G50: =IF('Base de datos'!AZ50="","",'Base de datos'!AZ50) | H50: =IF('Base de datos'!BB50="Sí","Sí ("&'Base de datos'!BD50&", n="&'Base de datos'!BC50&")",IF('Base de datos'!BB50="","",'Base de datos'!BB50)) | I50: =IF('Base de datos'!BG50="","",'Base de datos'!BG50) | J50: =_xlfn.TEXTJOIN(", ",TRUE(),IF('Base de datos'!BB50="Sí","Monte Carlo",""),IF('Base de datos'!BM50="Sí","HIL",""),IF('Base de datos'!BL50="Sí","Robustez analítica","")) | K50: =IF('Base de datos'!BM50="","",'Base de datos'!BM50) | L50: =IF('Base de datos'!BS50="","",'Base de datos'!BS50)
A51: =IF('Base de datos'!A51="","",'Base de datos'!A51) | B51: =IF('Base de datos'!C51="","",'Base de datos'!C51) | C51: =IF('Base de datos'!K51="","",'Base de datos'!K51) | D51: =IF('Base de datos'!BH51="","",'Base de datos'!BH51) | E51: =_xlfn.TEXTJOIN(", ",TRUE(),IF('Base de datos'!$AM$51="Sí","Masa",""),IF('Base de datos'!$AN$51="Sí","Centro de gravedad",""),IF('Base de datos'!$AO$51="Sí","Momentos de inercia",""),IF('Base de datos'!$AP$51="Sí","Coeficientes aerodinámicos",""),IF('Base de datos'!$AQ$51="Sí","Empuje",""),IF('Base de datos'!$AR$51="Sí","Actuadores",""),IF('Base de datos'!$AS$51="Sí","Sensores",""),IF('Base de datos'!$AT$51="Sí","Viento",""),IF('Base de datos'!$AU$51="Sí","Turbulencia",""),IF('Base de datos'!$AV$51="Sí","Dinámicas no modeladas",""),IF('Base de datos'!$AW$51="Sí","Otros","")) | F51: =IF('Base de datos'!AY51="","",'Base de datos'!AY51) | G51: =IF('Base de datos'!AZ51="","",'Base de datos'!AZ51) | H51: =IF('Base de datos'!BB51="Sí","Sí ("&'Base de datos'!BD51&", n="&'Base de datos'!BC51&")",IF('Base de datos'!BB51="","",'Base de datos'!BB51)) | I51: =IF('Base de datos'!BG51="","",'Base de datos'!BG51) | J51: =_xlfn.TEXTJOIN(", ",TRUE(),IF('Base de datos'!BB51="Sí","Monte Carlo",""),IF('Base de datos'!BM51="Sí","HIL",""),IF('Base de datos'!BL51="Sí","Robustez analítica","")) | K51: =IF('Base de datos'!BM51="","",'Base de datos'!BM51) | L51: =IF('Base de datos'!BS51="","",'Base de datos'!BS51)
A52: =IF('Base de datos'!A52="","",'Base de datos'!A52) | B52: =IF('Base de datos'!C52="","",'Base de datos'!C52) | C52: =IF('Base de datos'!K52="","",'Base de datos'!K52) | D52: =IF('Base de datos'!BH52="","",'Base de datos'!BH52) | E52: =_xlfn.TEXTJOIN(", ",TRUE(),IF('Base de datos'!$AM$52="Sí","Masa",""),IF('Base de datos'!$AN$52="Sí","Centro de gravedad",""),IF('Base de datos'!$AO$52="Sí","Momentos de inercia",""),IF('Base de datos'!$AP$52="Sí","Coeficientes aerodinámicos",""),IF('Base de datos'!$AQ$52="Sí","Empuje",""),IF('Base de datos'!$AR$52="Sí","Actuadores",""),IF('Base de datos'!$AS$52="Sí","Sensores",""),IF('Base de datos'!$AT$52="Sí","Viento",""),IF('Base de datos'!$AU$52="Sí","Turbulencia",""),IF('Base de datos'!$AV$52="Sí","Dinámicas no modeladas",""),IF('Base de datos'!$AW$52="Sí","Otros","")) | F52: =IF('Base de datos'!AY52="","",'Base de datos'!AY52) | G52: =IF('Base de datos'!AZ52="","",'Base de datos'!AZ52) | H52: =IF('Base de datos'!BB52="Sí","Sí ("&'Base de datos'!BD52&", n="&'Base de datos'!BC52&")",IF('Base de datos'!BB52="","",'Base de datos'!BB52)) | I52: =IF('Base de datos'!BG52="","",'Base de datos'!BG52) | J52: =_xlfn.TEXTJOIN(", ",TRUE(),IF('Base de datos'!BB52="Sí","Monte Carlo",""),IF('Base de datos'!BM52="Sí","HIL",""),IF('Base de datos'!BL52="Sí","Robustez analítica","")) | K52: =IF('Base de datos'!BM52="","",'Base de datos'!BM52) | L52: =IF('Base de datos'!BS52="","",'Base de datos'!BS52)
A53: =IF('Base de datos'!A53="","",'Base de datos'!A53) | B53: =IF('Base de datos'!C53="","",'Base de datos'!C53) | C53: =IF('Base de datos'!K53="","",'Base de datos'!K53) | D53: =IF('Base de datos'!BH53="","",'Base de datos'!BH53) | E53: =_xlfn.TEXTJOIN(", ",TRUE(),IF('Base de datos'!$AM$53="Sí","Masa",""),IF('Base de datos'!$AN$53="Sí","Centro de gravedad",""),IF('Base de datos'!$AO$53="Sí","Momentos de inercia",""),IF('Base de datos'!$AP$53="Sí","Coeficientes aerodinámicos",""),IF('Base de datos'!$AQ$53="Sí","Empuje",""),IF('Base de datos'!$AR$53="Sí","Actuadores",""),IF('Base de datos'!$AS$53="Sí","Sensores",""),IF('Base de datos'!$AT$53="Sí","Viento",""),IF('Base de datos'!$AU$53="Sí","Turbulencia",""),IF('Base de datos'!$AV$53="Sí","Dinámicas no modeladas",""),IF('Base de datos'!$AW$53="Sí","Otros","")) | F53: =IF('Base de datos'!AY53="","",'Base de datos'!AY53) | G53: =IF('Base de datos'!AZ53="","",'Base de datos'!AZ53) | H53: =IF('Base de datos'!BB53="Sí","Sí ("&'Base de datos'!BD53&", n="&'Base de datos'!BC53&")",IF('Base de datos'!BB53="","",'Base de datos'!BB53)) | I53: =IF('Base de datos'!BG53="","",'Base de datos'!BG53) | J53: =_xlfn.TEXTJOIN(", ",TRUE(),IF('Base de datos'!BB53="Sí","Monte Carlo",""),IF('Base de datos'!BM53="Sí","HIL",""),IF('Base de datos'!BL53="Sí","Robustez analítica","")) | K53: =IF('Base de datos'!BM53="","",'Base de datos'!BM53) | L53: =IF('Base de datos'!BS53="","",'Base de datos'!BS53)
A54: =IF('Base de datos'!A54="","",'Base de datos'!A54) | B54: =IF('Base de datos'!C54="","",'Base de datos'!C54) | C54: =IF('Base de datos'!K54="","",'Base de datos'!K54) | D54: =IF('Base de datos'!BH54="","",'Base de datos'!BH54) | E54: =_xlfn.TEXTJOIN(", ",TRUE(),IF('Base de datos'!$AM$54="Sí","Masa",""),IF('Base de datos'!$AN$54="Sí","Centro de gravedad",""),IF('Base de datos'!$AO$54="Sí","Momentos de inercia",""),IF('Base de datos'!$AP$54="Sí","Coeficientes aerodinámicos",""),IF('Base de datos'!$AQ$54="Sí","Empuje",""),IF('Base de datos'!$AR$54="Sí","Actuadores",""),IF('Base de datos'!$AS$54="Sí","Sensores",""),IF('Base de datos'!$AT$54="Sí","Viento",""),IF('Base de datos'!$AU$54="Sí","Turbulencia",""),IF('Base de datos'!$AV$54="Sí","Dinámicas no modeladas",""),IF('Base de datos'!$AW$54="Sí","Otros","")) | F54: =IF('Base de datos'!AY54="","",'Base de datos'!AY54) | G54: =IF('Base de datos'!AZ54="","",'Base de datos'!AZ54) | H54: =IF('Base de datos'!BB54="Sí","Sí ("&'Base de datos'!BD54&", n="&'Base de datos'!BC54&")",IF('Base de datos'!BB54="","",'Base de datos'!BB54)) | I54: =IF('Base de datos'!BG54="","",'Base de datos'!BG54) | J54: =_xlfn.TEXTJOIN(", ",TRUE(),IF('Base de datos'!BB54="Sí","Monte Carlo",""),IF('Base de datos'!BM54="Sí","HIL",""),IF('Base de datos'!BL54="Sí","Robustez analítica","")) | K54: =IF('Base de datos'!BM54="","",'Base de datos'!BM54) | L54: =IF('Base de datos'!BS54="","",'Base de datos'!BS54)
A55: =IF('Base de datos'!A55="","",'Base de datos'!A55) | B55: =IF('Base de datos'!C55="","",'Base de datos'!C55) | C55: =IF('Base de datos'!K55="","",'Base de datos'!K55) | D55: =IF('Base de datos'!BH55="","",'Base de datos'!BH55) | E55: =_xlfn.TEXTJOIN(", ",TRUE(),IF('Base de datos'!$AM$55="Sí","Masa",""),IF('Base de datos'!$AN$55="Sí","Centro de gravedad",""),IF('Base de datos'!$AO$55="Sí","Momentos de inercia",""),IF('Base de datos'!$AP$55="Sí","Coeficientes aerodinámicos",""),IF('Base de datos'!$AQ$55="Sí","Empuje",""),IF('Base de datos'!$AR$55="Sí","Actuadores",""),IF('Base de datos'!$AS$55="Sí","Sensores",""),IF('Base de datos'!$AT$55="Sí","Viento",""),IF('Base de datos'!$AU$55="Sí","Turbulencia",""),IF('Base de datos'!$AV$55="Sí","Dinámicas no modeladas",""),IF('Base de datos'!$AW$55="Sí","Otros","")) | F55: =IF('Base de datos'!AY55="","",'Base de datos'!AY55) | G55: =IF('Base de datos'!AZ55="","",'Base de datos'!AZ55) | H55: =IF('Base de datos'!BB55="Sí","Sí ("&'Base de datos'!BD55&", n="&'Base de datos'!BC55&")",IF('Base de datos'!BB55="","",'Base de datos'!BB55)) | I55: =IF('Base de datos'!BG55="","",'Base de datos'!BG55) | J55: =_xlfn.TEXTJOIN(", ",TRUE(),IF('Base de datos'!BB55="Sí","Monte Carlo",""),IF('Base de datos'!BM55="Sí","HIL",""),IF('Base de datos'!BL55="Sí","Robustez analítica","")) | K55: =IF('Base de datos'!BM55="","",'Base de datos'!BM55) | L55: =IF('Base de datos'!BS55="","",'Base de datos'!BS55)
A56: =IF('Base de datos'!A56="","",'Base de datos'!A56) | B56: =IF('Base de datos'!C56="","",'Base de datos'!C56) | C56: =IF('Base de datos'!K56="","",'Base de datos'!K56) | D56: =IF('Base de datos'!BH56="","",'Base de datos'!BH56) | E56: =_xlfn.TEXTJOIN(", ",TRUE(),IF('Base de datos'!$AM$56="Sí","Masa",""),IF('Base de datos'!$AN$56="Sí","Centro de gravedad",""),IF('Base de datos'!$AO$56="Sí","Momentos de inercia",""),IF('Base de datos'!$AP$56="Sí","Coeficientes aerodinámicos",""),IF('Base de datos'!$AQ$56="Sí","Empuje",""),IF('Base de datos'!$AR$56="Sí","Actuadores",""),IF('Base de datos'!$AS$56="Sí","Sensores",""),IF('Base de datos'!$AT$56="Sí","Viento",""),IF('Base de datos'!$AU$56="Sí","Turbulencia",""),IF('Base de datos'!$AV$56="Sí","Dinámicas no modeladas",""),IF('Base de datos'!$AW$56="Sí","Otros","")) | F56: =IF('Base de datos'!AY56="","",'Base de datos'!AY56) | G56: =IF('Base de datos'!AZ56="","",'Base de datos'!AZ56) | H56: =IF('Base de datos'!BB56="Sí","Sí ("&'Base de datos'!BD56&", n="&'Base de datos'!BC56&")",IF('Base de datos'!BB56="","",'Base de datos'!BB56)) | I56: =IF('Base de datos'!BG56="","",'Base de datos'!BG56) | J56: =_xlfn.TEXTJOIN(", ",TRUE(),IF('Base de datos'!BB56="Sí","Monte Carlo",""),IF('Base de datos'!BM56="Sí","HIL",""),IF('Base de datos'!BL56="Sí","Robustez analítica","")) | K56: =IF('Base de datos'!BM56="","",'Base de datos'!BM56) | L56: =IF('Base de datos'!BS56="","",'Base de datos'!BS56)
A57: =IF('Base de datos'!A57="","",'Base de datos'!A57) | B57: =IF('Base de datos'!C57="","",'Base de datos'!C57) | C57: =IF('Base de datos'!K57="","",'Base de datos'!K57) | D57: =IF('Base de datos'!BH57="","",'Base de datos'!BH57) | E57: =_xlfn.TEXTJOIN(", ",TRUE(),IF('Base de datos'!$AM$57="Sí","Masa",""),IF('Base de datos'!$AN$57="Sí","Centro de gravedad",""),IF('Base de datos'!$AO$57="Sí","Momentos de inercia",""),IF('Base de datos'!$AP$57="Sí","Coeficientes aerodinámicos",""),IF('Base de datos'!$AQ$57="Sí","Empuje",""),IF('Base de datos'!$AR$57="Sí","Actuadores",""),IF('Base de datos'!$AS$57="Sí","Sensores",""),IF('Base de datos'!$AT$57="Sí","Viento",""),IF('Base de datos'!$AU$57="Sí","Turbulencia",""),IF('Base de datos'!$AV$57="Sí","Dinámicas no modeladas",""),IF('Base de datos'!$AW$57="Sí","Otros","")) | F57: =IF('Base de datos'!AY57="","",'Base de datos'!AY57) | G57: =IF('Base de datos'!AZ57="","",'Base de datos'!AZ57) | H57: =IF('Base de datos'!BB57="Sí","Sí ("&'Base de datos'!BD57&", n="&'Base de datos'!BC57&")",IF('Base de datos'!BB57="","",'Base de datos'!BB57)) | I57: =IF('Base de datos'!BG57="","",'Base de datos'!BG57) | J57: =_xlfn.TEXTJOIN(", ",TRUE(),IF('Base de datos'!BB57="Sí","Monte Carlo",""),IF('Base de datos'!BM57="Sí","HIL",""),IF('Base de datos'!BL57="Sí","Robustez analítica","")) | K57: =IF('Base de datos'!BM57="","",'Base de datos'!BM57) | L57: =IF('Base de datos'!BS57="","",'Base de datos'!BS57)
A58: =IF('Base de datos'!A58="","",'Base de datos'!A58) | B58: =IF('Base de datos'!C58="","",'Base de datos'!C58) | C58: =IF('Base de datos'!K58="","",'Base de datos'!K58) | D58: =IF('Base de datos'!BH58="","",'Base de datos'!BH58) | E58: =_xlfn.TEXTJOIN(", ",TRUE(),IF('Base de datos'!$AM$58="Sí","Masa",""),IF('Base de datos'!$AN$58="Sí","Centro de gravedad",""),IF('Base de datos'!$AO$58="Sí","Momentos de inercia",""),IF('Base de datos'!$AP$58="Sí","Coeficientes aerodinámicos",""),IF('Base de datos'!$AQ$58="Sí","Empuje",""),IF('Base de datos'!$AR$58="Sí","Actuadores",""),IF('Base de datos'!$AS$58="Sí","Sensores",""),IF('Base de datos'!$AT$58="Sí","Viento",""),IF('Base de datos'!$AU$58="Sí","Turbulencia",""),IF('Base de datos'!$AV$58="Sí","Dinámicas no modeladas",""),IF('Base de datos'!$AW$58="Sí","Otros","")) | F58: =IF('Base de datos'!AY58="","",'Base de datos'!AY58) | G58: =IF('Base de datos'!AZ58="","",'Base de datos'!AZ58) | H58: =IF('Base de datos'!BB58="Sí","Sí ("&'Base de datos'!BD58&", n="&'Base de datos'!BC58&")",IF('Base de datos'!BB58="","",'Base de datos'!BB58)) | I58: =IF('Base de datos'!BG58="","",'Base de datos'!BG58) | J58: =_xlfn.TEXTJOIN(", ",TRUE(),IF('Base de datos'!BB58="Sí","Monte Carlo",""),IF('Base de datos'!BM58="Sí","HIL",""),IF('Base de datos'!BL58="Sí","Robustez analítica","")) | K58: =IF('Base de datos'!BM58="","",'Base de datos'!BM58) | L58: =IF('Base de datos'!BS58="","",'Base de datos'!BS58)
A59: =IF('Base de datos'!A59="","",'Base de datos'!A59) | B59: =IF('Base de datos'!C59="","",'Base de datos'!C59) | C59: =IF('Base de datos'!K59="","",'Base de datos'!K59) | D59: =IF('Base de datos'!BH59="","",'Base de datos'!BH59) | E59: =_xlfn.TEXTJOIN(", ",TRUE(),IF('Base de datos'!$AM$59="Sí","Masa",""),IF('Base de datos'!$AN$59="Sí","Centro de gravedad",""),IF('Base de datos'!$AO$59="Sí","Momentos de inercia",""),IF('Base de datos'!$AP$59="Sí","Coeficientes aerodinámicos",""),IF('Base de datos'!$AQ$59="Sí","Empuje",""),IF('Base de datos'!$AR$59="Sí","Actuadores",""),IF('Base de datos'!$AS$59="Sí","Sensores",""),IF('Base de datos'!$AT$59="Sí","Viento",""),IF('Base de datos'!$AU$59="Sí","Turbulencia",""),IF('Base de datos'!$AV$59="Sí","Dinámicas no modeladas",""),IF('Base de datos'!$AW$59="Sí","Otros","")) | F59: =IF('Base de datos'!AY59="","",'Base de datos'!AY59) | G59: =IF('Base de datos'!AZ59="","",'Base de datos'!AZ59) | H59: =IF('Base de datos'!BB59="Sí","Sí ("&'Base de datos'!BD59&", n="&'Base de datos'!BC59&")",IF('Base de datos'!BB59="","",'Base de datos'!BB59)) | I59: =IF('Base de datos'!BG59="","",'Base de datos'!BG59) | J59: =_xlfn.TEXTJOIN(", ",TRUE(),IF('Base de datos'!BB59="Sí","Monte Carlo",""),IF('Base de datos'!BM59="Sí","HIL",""),IF('Base de datos'!BL59="Sí","Robustez analítica","")) | K59: =IF('Base de datos'!BM59="","",'Base de datos'!BM59) | L59: =IF('Base de datos'!BS59="","",'Base de datos'!BS59)
A60: =IF('Base de datos'!A60="","",'Base de datos'!A60) | B60: =IF('Base de datos'!C60="","",'Base de datos'!C60) | C60: =IF('Base de datos'!K60="","",'Base de datos'!K60) | D60: =IF('Base de datos'!BH60="","",'Base de datos'!BH60) | E60: =_xlfn.TEXTJOIN(", ",TRUE(),IF('Base de datos'!$AM$60="Sí","Masa",""),IF('Base de datos'!$AN$60="Sí","Centro de gravedad",""),IF('Base de datos'!$AO$60="Sí","Momentos de inercia",""),IF('Base de datos'!$AP$60="Sí","Coeficientes aerodinámicos",""),IF('Base de datos'!$AQ$60="Sí","Empuje",""),IF('Base de datos'!$AR$60="Sí","Actuadores",""),IF('Base de datos'!$AS$60="Sí","Sensores",""),IF('Base de datos'!$AT$60="Sí","Viento",""),IF('Base de datos'!$AU$60="Sí","Turbulencia",""),IF('Base de datos'!$AV$60="Sí","Dinámicas no modeladas",""),IF('Base de datos'!$AW$60="Sí","Otros","")) | F60: =IF('Base de datos'!AY60="","",'Base de datos'!AY60) | G60: =IF('Base de datos'!AZ60="","",'Base de datos'!AZ60) | H60: =IF('Base de datos'!BB60="Sí","Sí ("&'Base de datos'!BD60&", n="&'Base de datos'!BC60&")",IF('Base de datos'!BB60="","",'Base de datos'!BB60)) | I60: =IF('Base de datos'!BG60="","",'Base de datos'!BG60) | J60: =_xlfn.TEXTJOIN(", ",TRUE(),IF('Base de datos'!BB60="Sí","Monte Carlo",""),IF('Base de datos'!BM60="Sí","HIL",""),IF('Base de datos'!BL60="Sí","Robustez analítica","")) | K60: =IF('Base de datos'!BM60="","",'Base de datos'!BM60) | L60: =IF('Base de datos'!BS60="","",'Base de datos'!BS60)
A61: =IF('Base de datos'!A61="","",'Base de datos'!A61) | B61: =IF('Base de datos'!C61="","",'Base de datos'!C61) | C61: =IF('Base de datos'!K61="","",'Base de datos'!K61) | D61: =IF('Base de datos'!BH61="","",'Base de datos'!BH61) | E61: =_xlfn.TEXTJOIN(", ",TRUE(),IF('Base de datos'!$AM$61="Sí","Masa",""),IF('Base de datos'!$AN$61="Sí","Centro de gravedad",""),IF('Base de datos'!$AO$61="Sí","Momentos de inercia",""),IF('Base de datos'!$AP$61="Sí","Coeficientes aerodinámicos",""),IF('Base de datos'!$AQ$61="Sí","Empuje",""),IF('Base de datos'!$AR$61="Sí","Actuadores",""),IF('Base de datos'!$AS$61="Sí","Sensores",""),IF('Base de datos'!$AT$61="Sí","Viento",""),IF('Base de datos'!$AU$61="Sí","Turbulencia",""),IF('Base de datos'!$AV$61="Sí","Dinámicas no modeladas",""),IF('Base de datos'!$AW$61="Sí","Otros","")) | F61: =IF('Base de datos'!AY61="","",'Base de datos'!AY61) | G61: =IF('Base de datos'!AZ61="","",'Base de datos'!AZ61) | H61: =IF('Base de datos'!BB61="Sí","Sí ("&'Base de datos'!BD61&", n="&'Base de datos'!BC61&")",IF('Base de datos'!BB61="","",'Base de datos'!BB61)) | I61: =IF('Base de datos'!BG61="","",'Base de datos'!BG61) | J61: =_xlfn.TEXTJOIN(", ",TRUE(),IF('Base de datos'!BB61="Sí","Monte Carlo",""),IF('Base de datos'!BM61="Sí","HIL",""),IF('Base de datos'!BL61="Sí","Robustez analítica","")) | K61: =IF('Base de datos'!BM61="","",'Base de datos'!BM61) | L61: =IF('Base de datos'!BS61="","",'Base de datos'!BS61)
A62: =IF('Base de datos'!A62="","",'Base de datos'!A62) | B62: =IF('Base de datos'!C62="","",'Base de datos'!C62) | C62: =IF('Base de datos'!K62="","",'Base de datos'!K62) | D62: =IF('Base de datos'!BH62="","",'Base de datos'!BH62) | E62: =_xlfn.TEXTJOIN(", ",TRUE(),IF('Base de datos'!$AM$62="Sí","Masa",""),IF('Base de datos'!$AN$62="Sí","Centro de gravedad",""),IF('Base de datos'!$AO$62="Sí","Momentos de inercia",""),IF('Base de datos'!$AP$62="Sí","Coeficientes aerodinámicos",""),IF('Base de datos'!$AQ$62="Sí","Empuje",""),IF('Base de datos'!$AR$62="Sí","Actuadores",""),IF('Base de datos'!$AS$62="Sí","Sensores",""),IF('Base de datos'!$AT$62="Sí","Viento",""),IF('Base de datos'!$AU$62="Sí","Turbulencia",""),IF('Base de datos'!$AV$62="Sí","Dinámicas no modeladas",""),IF('Base de datos'!$AW$62="Sí","Otros","")) | F62: =IF('Base de datos'!AY62="","",'Base de datos'!AY62) | G62: =IF('Base de datos'!AZ62="","",'Base de datos'!AZ62) | H62: =IF('Base de datos'!BB62="Sí","Sí ("&'Base de datos'!BD62&", n="&'Base de datos'!BC62&")",IF('Base de datos'!BB62="","",'Base de datos'!BB62)) | I62: =IF('Base de datos'!BG62="","",'Base de datos'!BG62) | J62: =_xlfn.TEXTJOIN(", ",TRUE(),IF('Base de datos'!BB62="Sí","Monte Carlo",""),IF('Base de datos'!BM62="Sí","HIL",""),IF('Base de datos'!BL62="Sí","Robustez analítica","")) | K62: =IF('Base de datos'!BM62="","",'Base de datos'!BM62) | L62: =IF('Base de datos'!BS62="","",'Base de datos'!BS62)
A63: =IF('Base de datos'!A63="","",'Base de datos'!A63) | B63: =IF('Base de datos'!C63="","",'Base de datos'!C63) | C63: =IF('Base de datos'!K63="","",'Base de datos'!K63) | D63: =IF('Base de datos'!BH63="","",'Base de datos'!BH63) | E63: =_xlfn.TEXTJOIN(", ",TRUE(),IF('Base de datos'!$AM$63="Sí","Masa",""),IF('Base de datos'!$AN$63="Sí","Centro de gravedad",""),IF('Base de datos'!$AO$63="Sí","Momentos de inercia",""),IF('Base de datos'!$AP$63="Sí","Coeficientes aerodinámicos",""),IF('Base de datos'!$AQ$63="Sí","Empuje",""),IF('Base de datos'!$AR$63="Sí","Actuadores",""),IF('Base de datos'!$AS$63="Sí","Sensores",""),IF('Base de datos'!$AT$63="Sí","Viento",""),IF('Base de datos'!$AU$63="Sí","Turbulencia",""),IF('Base de datos'!$AV$63="Sí","Dinámicas no modeladas",""),IF('Base de datos'!$AW$63="Sí","Otros","")) | F63: =IF('Base de datos'!AY63="","",'Base de datos'!AY63) | G63: =IF('Base de datos'!AZ63="","",'Base de datos'!AZ63) | H63: =IF('Base de datos'!BB63="Sí","Sí ("&'Base de datos'!BD63&", n="&'Base de datos'!BC63&")",IF('Base de datos'!BB63="","",'Base de datos'!BB63)) | I63: =IF('Base de datos'!BG63="","",'Base de datos'!BG63) | J63: =_xlfn.TEXTJOIN(", ",TRUE(),IF('Base de datos'!BB63="Sí","Monte Carlo",""),IF('Base de datos'!BM63="Sí","HIL",""),IF('Base de datos'!BL63="Sí","Robustez analítica","")) | K63: =IF('Base de datos'!BM63="","",'Base de datos'!BM63) | L63: =IF('Base de datos'!BS63="","",'Base de datos'!BS63)
A64: =IF('Base de datos'!A64="","",'Base de datos'!A64) | B64: =IF('Base de datos'!C64="","",'Base de datos'!C64) | C64: =IF('Base de datos'!K64="","",'Base de datos'!K64) | D64: =IF('Base de datos'!BH64="","",'Base de datos'!BH64) | E64: =_xlfn.TEXTJOIN(", ",TRUE(),IF('Base de datos'!$AM$64="Sí","Masa",""),IF('Base de datos'!$AN$64="Sí","Centro de gravedad",""),IF('Base de datos'!$AO$64="Sí","Momentos de inercia",""),IF('Base de datos'!$AP$64="Sí","Coeficientes aerodinámicos",""),IF('Base de datos'!$AQ$64="Sí","Empuje",""),IF('Base de datos'!$AR$64="Sí","Actuadores",""),IF('Base de datos'!$AS$64="Sí","Sensores",""),IF('Base de datos'!$AT$64="Sí","Viento",""),IF('Base de datos'!$AU$64="Sí","Turbulencia",""),IF('Base de datos'!$AV$64="Sí","Dinámicas no modeladas",""),IF('Base de datos'!$AW$64="Sí","Otros","")) | F64: =IF('Base de datos'!AY64="","",'Base de datos'!AY64) | G64: =IF('Base de datos'!AZ64="","",'Base de datos'!AZ64) | H64: =IF('Base de datos'!BB64="Sí","Sí ("&'Base de datos'!BD64&", n="&'Base de datos'!BC64&")",IF('Base de datos'!BB64="","",'Base de datos'!BB64)) | I64: =IF('Base de datos'!BG64="","",'Base de datos'!BG64) | J64: =_xlfn.TEXTJOIN(", ",TRUE(),IF('Base de datos'!BB64="Sí","Monte Carlo",""),IF('Base de datos'!BM64="Sí","HIL",""),IF('Base de datos'!BL64="Sí","Robustez analítica","")) | K64: =IF('Base de datos'!BM64="","",'Base de datos'!BM64) | L64: =IF('Base de datos'!BS64="","",'Base de datos'!BS64)
A65: =IF('Base de datos'!A65="","",'Base de datos'!A65) | B65: =IF('Base de datos'!C65="","",'Base de datos'!C65) | C65: =IF('Base de datos'!K65="","",'Base de datos'!K65) | D65: =IF('Base de datos'!BH65="","",'Base de datos'!BH65) | E65: =_xlfn.TEXTJOIN(", ",TRUE(),IF('Base de datos'!$AM$65="Sí","Masa",""),IF('Base de datos'!$AN$65="Sí","Centro de gravedad",""),IF('Base de datos'!$AO$65="Sí","Momentos de inercia",""),IF('Base de datos'!$AP$65="Sí","Coeficientes aerodinámicos",""),IF('Base de datos'!$AQ$65="Sí","Empuje",""),IF('Base de datos'!$AR$65="Sí","Actuadores",""),IF('Base de datos'!$AS$65="Sí","Sensores",""),IF('Base de datos'!$AT$65="Sí","Viento",""),IF('Base de datos'!$AU$65="Sí","Turbulencia",""),IF('Base de datos'!$AV$65="Sí","Dinámicas no modeladas",""),IF('Base de datos'!$AW$65="Sí","Otros","")) | F65: =IF('Base de datos'!AY65="","",'Base de datos'!AY65) | G65: =IF('Base de datos'!AZ65="","",'Base de datos'!AZ65) | H65: =IF('Base de datos'!BB65="Sí","Sí ("&'Base de datos'!BD65&", n="&'Base de datos'!BC65&")",IF('Base de datos'!BB65="","",'Base de datos'!BB65)) | I65: =IF('Base de datos'!BG65="","",'Base de datos'!BG65) | J65: =_xlfn.TEXTJOIN(", ",TRUE(),IF('Base de datos'!BB65="Sí","Monte Carlo",""),IF('Base de datos'!BM65="Sí","HIL",""),IF('Base de datos'!BL65="Sí","Robustez analítica","")) | K65: =IF('Base de datos'!BM65="","",'Base de datos'!BM65) | L65: =IF('Base de datos'!BS65="","",'Base de datos'!BS65)
A66: =IF('Base de datos'!A66="","",'Base de datos'!A66) | B66: =IF('Base de datos'!C66="","",'Base de datos'!C66) | C66: =IF('Base de datos'!K66="","",'Base de datos'!K66) | D66: =IF('Base de datos'!BH66="","",'Base de datos'!BH66) | E66: =_xlfn.TEXTJOIN(", ",TRUE(),IF('Base de datos'!$AM$66="Sí","Masa",""),IF('Base de datos'!$AN$66="Sí","Centro de gravedad",""),IF('Base de datos'!$AO$66="Sí","Momentos de inercia",""),IF('Base de datos'!$AP$66="Sí","Coeficientes aerodinámicos",""),IF('Base de datos'!$AQ$66="Sí","Empuje",""),IF('Base de datos'!$AR$66="Sí","Actuadores",""),IF('Base de datos'!$AS$66="Sí","Sensores",""),IF('Base de datos'!$AT$66="Sí","Viento",""),IF('Base de datos'!$AU$66="Sí","Turbulencia",""),IF('Base de datos'!$AV$66="Sí","Dinámicas no modeladas",""),IF('Base de datos'!$AW$66="Sí","Otros","")) | F66: =IF('Base de datos'!AY66="","",'Base de datos'!AY66) | G66: =IF('Base de datos'!AZ66="","",'Base de datos'!AZ66) | H66: =IF('Base de datos'!BB66="Sí","Sí ("&'Base de datos'!BD66&", n="&'Base de datos'!BC66&")",IF('Base de datos'!BB66="","",'Base de datos'!BB66)) | I66: =IF('Base de datos'!BG66="","",'Base de datos'!BG66) | J66: =_xlfn.TEXTJOIN(", ",TRUE(),IF('Base de datos'!BB66="Sí","Monte Carlo",""),IF('Base de datos'!BM66="Sí","HIL",""),IF('Base de datos'!BL66="Sí","Robustez analítica","")) | K66: =IF('Base de datos'!BM66="","",'Base de datos'!BM66) | L66: =IF('Base de datos'!BS66="","",'Base de datos'!BS66)
A67: =IF('Base de datos'!A67="","",'Base de datos'!A67) | B67: =IF('Base de datos'!C67="","",'Base de datos'!C67) | C67: =IF('Base de datos'!K67="","",'Base de datos'!K67) | D67: =IF('Base de datos'!BH67="","",'Base de datos'!BH67) | E67: =_xlfn.TEXTJOIN(", ",TRUE(),IF('Base de datos'!$AM$67="Sí","Masa",""),IF('Base de datos'!$AN$67="Sí","Centro de gravedad",""),IF('Base de datos'!$AO$67="Sí","Momentos de inercia",""),IF('Base de datos'!$AP$67="Sí","Coeficientes aerodinámicos",""),IF('Base de datos'!$AQ$67="Sí","Empuje",""),IF('Base de datos'!$AR$67="Sí","Actuadores",""),IF('Base de datos'!$AS$67="Sí","Sensores",""),IF('Base de datos'!$AT$67="Sí","Viento",""),IF('Base de datos'!$AU$67="Sí","Turbulencia",""),IF('Base de datos'!$AV$67="Sí","Dinámicas no modeladas",""),IF('Base de datos'!$AW$67="Sí","Otros","")) | F67: =IF('Base de datos'!AY67="","",'Base de datos'!AY67) | G67: =IF('Base de datos'!AZ67="","",'Base de datos'!AZ67) | H67: =IF('Base de datos'!BB67="Sí","Sí ("&'Base de datos'!BD67&", n="&'Base de datos'!BC67&")",IF('Base de datos'!BB67="","",'Base de datos'!BB67)) | I67: =IF('Base de datos'!BG67="","",'Base de datos'!BG67) | J67: =_xlfn.TEXTJOIN(", ",TRUE(),IF('Base de datos'!BB67="Sí","Monte Carlo",""),IF('Base de datos'!BM67="Sí","HIL",""),IF('Base de datos'!BL67="Sí","Robustez analítica","")) | K67: =IF('Base de datos'!BM67="","",'Base de datos'!BM67) | L67: =IF('Base de datos'!BS67="","",'Base de datos'!BS67)
A68: =IF('Base de datos'!A68="","",'Base de datos'!A68) | B68: =IF('Base de datos'!C68="","",'Base de datos'!C68) | C68: =IF('Base de datos'!K68="","",'Base de datos'!K68) | D68: =IF('Base de datos'!BH68="","",'Base de datos'!BH68) | E68: =_xlfn.TEXTJOIN(", ",TRUE(),IF('Base de datos'!$AM$68="Sí","Masa",""),IF('Base de datos'!$AN$68="Sí","Centro de gravedad",""),IF('Base de datos'!$AO$68="Sí","Momentos de inercia",""),IF('Base de datos'!$AP$68="Sí","Coeficientes aerodinámicos",""),IF('Base de datos'!$AQ$68="Sí","Empuje",""),IF('Base de datos'!$AR$68="Sí","Actuadores",""),IF('Base de datos'!$AS$68="Sí","Sensores",""),IF('Base de datos'!$AT$68="Sí","Viento",""),IF('Base de datos'!$AU$68="Sí","Turbulencia",""),IF('Base de datos'!$AV$68="Sí","Dinámicas no modeladas",""),IF('Base de datos'!$AW$68="Sí","Otros","")) | F68: =IF('Base de datos'!AY68="","",'Base de datos'!AY68) | G68: =IF('Base de datos'!AZ68="","",'Base de datos'!AZ68) | H68: =IF('Base de datos'!BB68="Sí","Sí ("&'Base de datos'!BD68&", n="&'Base de datos'!BC68&")",IF('Base de datos'!BB68="","",'Base de datos'!BB68)) | I68: =IF('Base de datos'!BG68="","",'Base de datos'!BG68) | J68: =_xlfn.TEXTJOIN(", ",TRUE(),IF('Base de datos'!BB68="Sí","Monte Carlo",""),IF('Base de datos'!BM68="Sí","HIL",""),IF('Base de datos'!BL68="Sí","Robustez analítica","")) | K68: =IF('Base de datos'!BM68="","",'Base de datos'!BM68) | L68: =IF('Base de datos'!BS68="","",'Base de datos'!BS68)
A69: =IF('Base de datos'!A69="","",'Base de datos'!A69) | B69: =IF('Base de datos'!C69="","",'Base de datos'!C69) | C69: =IF('Base de datos'!K69="","",'Base de datos'!K69) | D69: =IF('Base de datos'!BH69="","",'Base de datos'!BH69) | E69: =_xlfn.TEXTJOIN(", ",TRUE(),IF('Base de datos'!$AM$69="Sí","Masa",""),IF('Base de datos'!$AN$69="Sí","Centro de gravedad",""),IF('Base de datos'!$AO$69="Sí","Momentos de inercia",""),IF('Base de datos'!$AP$69="Sí","Coeficientes aerodinámicos",""),IF('Base de datos'!$AQ$69="Sí","Empuje",""),IF('Base de datos'!$AR$69="Sí","Actuadores",""),IF('Base de datos'!$AS$69="Sí","Sensores",""),IF('Base de datos'!$AT$69="Sí","Viento",""),IF('Base de datos'!$AU$69="Sí","Turbulencia",""),IF('Base de datos'!$AV$69="Sí","Dinámicas no modeladas",""),IF('Base de datos'!$AW$69="Sí","Otros","")) | F69: =IF('Base de datos'!AY69="","",'Base de datos'!AY69) | G69: =IF('Base de datos'!AZ69="","",'Base de datos'!AZ69) | H69: =IF('Base de datos'!BB69="Sí","Sí ("&'Base de datos'!BD69&", n="&'Base de datos'!BC69&")",IF('Base de datos'!BB69="","",'Base de datos'!BB69)) | I69: =IF('Base de datos'!BG69="","",'Base de datos'!BG69) | J69: =_xlfn.TEXTJOIN(", ",TRUE(),IF('Base de datos'!BB69="Sí","Monte Carlo",""),IF('Base de datos'!BM69="Sí","HIL",""),IF('Base de datos'!BL69="Sí","Robustez analítica","")) | K69: =IF('Base de datos'!BM69="","",'Base de datos'!BM69) | L69: =IF('Base de datos'!BS69="","",'Base de datos'!BS69)
A70: =IF('Base de datos'!A70="","",'Base de datos'!A70) | B70: =IF('Base de datos'!C70="","",'Base de datos'!C70) | C70: =IF('Base de datos'!K70="","",'Base de datos'!K70) | D70: =IF('Base de datos'!BH70="","",'Base de datos'!BH70) | E70: =_xlfn.TEXTJOIN(", ",TRUE(),IF('Base de datos'!$AM$70="Sí","Masa",""),IF('Base de datos'!$AN$70="Sí","Centro de gravedad",""),IF('Base de datos'!$AO$70="Sí","Momentos de inercia",""),IF('Base de datos'!$AP$70="Sí","Coeficientes aerodinámicos",""),IF('Base de datos'!$AQ$70="Sí","Empuje",""),IF('Base de datos'!$AR$70="Sí","Actuadores",""),IF('Base de datos'!$AS$70="Sí","Sensores",""),IF('Base de datos'!$AT$70="Sí","Viento",""),IF('Base de datos'!$AU$70="Sí","Turbulencia",""),IF('Base de datos'!$AV$70="Sí","Dinámicas no modeladas",""),IF('Base de datos'!$AW$70="Sí","Otros","")) | F70: =IF('Base de datos'!AY70="","",'Base de datos'!AY70) | G70: =IF('Base de datos'!AZ70="","",'Base de datos'!AZ70) | H70: =IF('Base de datos'!BB70="Sí","Sí ("&'Base de datos'!BD70&", n="&'Base de datos'!BC70&")",IF('Base de datos'!BB70="","",'Base de datos'!BB70)) | I70: =IF('Base de datos'!BG70="","",'Base de datos'!BG70) | J70: =_xlfn.TEXTJOIN(", ",TRUE(),IF('Base de datos'!BB70="Sí","Monte Carlo",""),IF('Base de datos'!BM70="Sí","HIL",""),IF('Base de datos'!BL70="Sí","Robustez analítica","")) | K70: =IF('Base de datos'!BM70="","",'Base de datos'!BM70) | L70: =IF('Base de datos'!BS70="","",'Base de datos'!BS70)
A71: =IF('Base de datos'!A71="","",'Base de datos'!A71) | B71: =IF('Base de datos'!C71="","",'Base de datos'!C71) | C71: =IF('Base de datos'!K71="","",'Base de datos'!K71) | D71: =IF('Base de datos'!BH71="","",'Base de datos'!BH71) | E71: =_xlfn.TEXTJOIN(", ",TRUE(),IF('Base de datos'!$AM$71="Sí","Masa",""),IF('Base de datos'!$AN$71="Sí","Centro de gravedad",""),IF('Base de datos'!$AO$71="Sí","Momentos de inercia",""),IF('Base de datos'!$AP$71="Sí","Coeficientes aerodinámicos",""),IF('Base de datos'!$AQ$71="Sí","Empuje",""),IF('Base de datos'!$AR$71="Sí","Actuadores",""),IF('Base de datos'!$AS$71="Sí","Sensores",""),IF('Base de datos'!$AT$71="Sí","Viento",""),IF('Base de datos'!$AU$71="Sí","Turbulencia",""),IF('Base de datos'!$AV$71="Sí","Dinámicas no modeladas",""),IF('Base de datos'!$AW$71="Sí","Otros","")) | F71: =IF('Base de datos'!AY71="","",'Base de datos'!AY71) | G71: =IF('Base de datos'!AZ71="","",'Base de datos'!AZ71) | H71: =IF('Base de datos'!BB71="Sí","Sí ("&'Base de datos'!BD71&", n="&'Base de datos'!BC71&")",IF('Base de datos'!BB71="","",'Base de datos'!BB71)) | I71: =IF('Base de datos'!BG71="","",'Base de datos'!BG71) | J71: =_xlfn.TEXTJOIN(", ",TRUE(),IF('Base de datos'!BB71="Sí","Monte Carlo",""),IF('Base de datos'!BM71="Sí","HIL",""),IF('Base de datos'!BL71="Sí","Robustez analítica","")) | K71: =IF('Base de datos'!BM71="","",'Base de datos'!BM71) | L71: =IF('Base de datos'!BS71="","",'Base de datos'!BS71)
A72: =IF('Base de datos'!A72="","",'Base de datos'!A72) | B72: =IF('Base de datos'!C72="","",'Base de datos'!C72) | C72: =IF('Base de datos'!K72="","",'Base de datos'!K72) | D72: =IF('Base de datos'!BH72="","",'Base de datos'!BH72) | E72: =_xlfn.TEXTJOIN(", ",TRUE(),IF('Base de datos'!$AM$72="Sí","Masa",""),IF('Base de datos'!$AN$72="Sí","Centro de gravedad",""),IF('Base de datos'!$AO$72="Sí","Momentos de inercia",""),IF('Base de datos'!$AP$72="Sí","Coeficientes aerodinámicos",""),IF('Base de datos'!$AQ$72="Sí","Empuje",""),IF('Base de datos'!$AR$72="Sí","Actuadores",""),IF('Base de datos'!$AS$72="Sí","Sensores",""),IF('Base de datos'!$AT$72="Sí","Viento",""),IF('Base de datos'!$AU$72="Sí","Turbulencia",""),IF('Base de datos'!$AV$72="Sí","Dinámicas no modeladas",""),IF('Base de datos'!$AW$72="Sí","Otros","")) | F72: =IF('Base de datos'!AY72="","",'Base de datos'!AY72) | G72: =IF('Base de datos'!AZ72="","",'Base de datos'!AZ72) | H72: =IF('Base de datos'!BB72="Sí","Sí ("&'Base de datos'!BD72&", n="&'Base de datos'!BC72&")",IF('Base de datos'!BB72="","",'Base de datos'!BB72)) | I72: =IF('Base de datos'!BG72="","",'Base de datos'!BG72) | J72: =_xlfn.TEXTJOIN(", ",TRUE(),IF('Base de datos'!BB72="Sí","Monte Carlo",""),IF('Base de datos'!BM72="Sí","HIL",""),IF('Base de datos'!BL72="Sí","Robustez analítica","")) | K72: =IF('Base de datos'!BM72="","",'Base de datos'!BM72) | L72: =IF('Base de datos'!BS72="","",'Base de datos'!BS72)
A73: =IF('Base de datos'!A73="","",'Base de datos'!A73) | B73: =IF('Base de datos'!C73="","",'Base de datos'!C73) | C73: =IF('Base de datos'!K73="","",'Base de datos'!K73) | D73: =IF('Base de datos'!BH73="","",'Base de datos'!BH73) | E73: =_xlfn.TEXTJOIN(", ",TRUE(),IF('Base de datos'!$AM$73="Sí","Masa",""),IF('Base de datos'!$AN$73="Sí","Centro de gravedad",""),IF('Base de datos'!$AO$73="Sí","Momentos de inercia",""),IF('Base de datos'!$AP$73="Sí","Coeficientes aerodinámicos",""),IF('Base de datos'!$AQ$73="Sí","Empuje",""),IF('Base de datos'!$AR$73="Sí","Actuadores",""),IF('Base de datos'!$AS$73="Sí","Sensores",""),IF('Base de datos'!$AT$73="Sí","Viento",""),IF('Base de datos'!$AU$73="Sí","Turbulencia",""),IF('Base de datos'!$AV$73="Sí","Dinámicas no modeladas",""),IF('Base de datos'!$AW$73="Sí","Otros","")) | F73: =IF('Base de datos'!AY73="","",'Base de datos'!AY73) | G73: =IF('Base de datos'!AZ73="","",'Base de datos'!AZ73) | H73: =IF('Base de datos'!BB73="Sí","Sí ("&'Base de datos'!BD73&", n="&'Base de datos'!BC73&")",IF('Base de datos'!BB73="","",'Base de datos'!BB73)) | I73: =IF('Base de datos'!BG73="","",'Base de datos'!BG73) | J73: =_xlfn.TEXTJOIN(", ",TRUE(),IF('Base de datos'!BB73="Sí","Monte Carlo",""),IF('Base de datos'!BM73="Sí","HIL",""),IF('Base de datos'!BL73="Sí","Robustez analítica","")) | K73: =IF('Base de datos'!BM73="","",'Base de datos'!BM73) | L73: =IF('Base de datos'!BS73="","",'Base de datos'!BS73)
A74: =IF('Base de datos'!A74="","",'Base de datos'!A74) | B74: =IF('Base de datos'!C74="","",'Base de datos'!C74) | C74: =IF('Base de datos'!K74="","",'Base de datos'!K74) | D74: =IF('Base de datos'!BH74="","",'Base de datos'!BH74) | E74: =_xlfn.TEXTJOIN(", ",TRUE(),IF('Base de datos'!$AM$74="Sí","Masa",""),IF('Base de datos'!$AN$74="Sí","Centro de gravedad",""),IF('Base de datos'!$AO$74="Sí","Momentos de inercia",""),IF('Base de datos'!$AP$74="Sí","Coeficientes aerodinámicos",""),IF('Base de datos'!$AQ$74="Sí","Empuje",""),IF('Base de datos'!$AR$74="Sí","Actuadores",""),IF('Base de datos'!$AS$74="Sí","Sensores",""),IF('Base de datos'!$AT$74="Sí","Viento",""),IF('Base de datos'!$AU$74="Sí","Turbulencia",""),IF('Base de datos'!$AV$74="Sí","Dinámicas no modeladas",""),IF('Base de datos'!$AW$74="Sí","Otros","")) | F74: =IF('Base de datos'!AY74="","",'Base de datos'!AY74) | G74: =IF('Base de datos'!AZ74="","",'Base de datos'!AZ74) | H74: =IF('Base de datos'!BB74="Sí","Sí ("&'Base de datos'!BD74&", n="&'Base de datos'!BC74&")",IF('Base de datos'!BB74="","",'Base de datos'!BB74)) | I74: =IF('Base de datos'!BG74="","",'Base de datos'!BG74) | J74: =_xlfn.TEXTJOIN(", ",TRUE(),IF('Base de datos'!BB74="Sí","Monte Carlo",""),IF('Base de datos'!BM74="Sí","HIL",""),IF('Base de datos'!BL74="Sí","Robustez analítica","")) | K74: =IF('Base de datos'!BM74="","",'Base de datos'!BM74) | L74: =IF('Base de datos'!BS74="","",'Base de datos'!BS74)
A75: =IF('Base de datos'!A75="","",'Base de datos'!A75) | B75: =IF('Base de datos'!C75="","",'Base de datos'!C75) | C75: =IF('Base de datos'!K75="","",'Base de datos'!K75) | D75: =IF('Base de datos'!BH75="","",'Base de datos'!BH75) | E75: =_xlfn.TEXTJOIN(", ",TRUE(),IF('Base de datos'!$AM$75="Sí","Masa",""),IF('Base de datos'!$AN$75="Sí","Centro de gravedad",""),IF('Base de datos'!$AO$75="Sí","Momentos de inercia",""),IF('Base de datos'!$AP$75="Sí","Coeficientes aerodinámicos",""),IF('Base de datos'!$AQ$75="Sí","Empuje",""),IF('Base de datos'!$AR$75="Sí","Actuadores",""),IF('Base de datos'!$AS$75="Sí","Sensores",""),IF('Base de datos'!$AT$75="Sí","Viento",""),IF('Base de datos'!$AU$75="Sí","Turbulencia",""),IF('Base de datos'!$AV$75="Sí","Dinámicas no modeladas",""),IF('Base de datos'!$AW$75="Sí","Otros","")) | F75: =IF('Base de datos'!AY75="","",'Base de datos'!AY75) | G75: =IF('Base de datos'!AZ75="","",'Base de datos'!AZ75) | H75: =IF('Base de datos'!BB75="Sí","Sí ("&'Base de datos'!BD75&", n="&'Base de datos'!BC75&")",IF('Base de datos'!BB75="","",'Base de datos'!BB75)) | I75: =IF('Base de datos'!BG75="","",'Base de datos'!BG75) | J75: =_xlfn.TEXTJOIN(", ",TRUE(),IF('Base de datos'!BB75="Sí","Monte Carlo",""),IF('Base de datos'!BM75="Sí","HIL",""),IF('Base de datos'!BL75="Sí","Robustez analítica","")) | K75: =IF('Base de datos'!BM75="","",'Base de datos'!BM75) | L75: =IF('Base de datos'!BS75="","",'Base de datos'!BS75)
A76: =IF('Base de datos'!A76="","",'Base de datos'!A76) | B76: =IF('Base de datos'!C76="","",'Base de datos'!C76) | C76: =IF('Base de datos'!K76="","",'Base de datos'!K76) | D76: =IF('Base de datos'!BH76="","",'Base de datos'!BH76) | E76: =_xlfn.TEXTJOIN(", ",TRUE(),IF('Base de datos'!$AM$76="Sí","Masa",""),IF('Base de datos'!$AN$76="Sí","Centro de gravedad",""),IF('Base de datos'!$AO$76="Sí","Momentos de inercia",""),IF('Base de datos'!$AP$76="Sí","Coeficientes aerodinámicos",""),IF('Base de datos'!$AQ$76="Sí","Empuje",""),IF('Base de datos'!$AR$76="Sí","Actuadores",""),IF('Base de datos'!$AS$76="Sí","Sensores",""),IF('Base de datos'!$AT$76="Sí","Viento",""),IF('Base de datos'!$AU$76="Sí","Turbulencia",""),IF('Base de datos'!$AV$76="Sí","Dinámicas no modeladas",""),IF('Base de datos'!$AW$76="Sí","Otros","")) | F76: =IF('Base de datos'!AY76="","",'Base de datos'!AY76) | G76: =IF('Base de datos'!AZ76="","",'Base de datos'!AZ76) | H76: =IF('Base de datos'!BB76="Sí","Sí ("&'Base de datos'!BD76&", n="&'Base de datos'!BC76&")",IF('Base de datos'!BB76="","",'Base de datos'!BB76)) | I76: =IF('Base de datos'!BG76="","",'Base de datos'!BG76) | J76: =_xlfn.TEXTJOIN(", ",TRUE(),IF('Base de datos'!BB76="Sí","Monte Carlo",""),IF('Base de datos'!BM76="Sí","HIL",""),IF('Base de datos'!BL76="Sí","Robustez analítica","")) | K76: =IF('Base de datos'!BM76="","",'Base de datos'!BM76) | L76: =IF('Base de datos'!BS76="","",'Base de datos'!BS76)
A77: =IF('Base de datos'!A77="","",'Base de datos'!A77) | B77: =IF('Base de datos'!C77="","",'Base de datos'!C77) | C77: =IF('Base de datos'!K77="","",'Base de datos'!K77) | D77: =IF('Base de datos'!BH77="","",'Base de datos'!BH77) | E77: =_xlfn.TEXTJOIN(", ",TRUE(),IF('Base de datos'!$AM$77="Sí","Masa",""),IF('Base de datos'!$AN$77="Sí","Centro de gravedad",""),IF('Base de datos'!$AO$77="Sí","Momentos de inercia",""),IF('Base de datos'!$AP$77="Sí","Coeficientes aerodinámicos",""),IF('Base de datos'!$AQ$77="Sí","Empuje",""),IF('Base de datos'!$AR$77="Sí","Actuadores",""),IF('Base de datos'!$AS$77="Sí","Sensores",""),IF('Base de datos'!$AT$77="Sí","Viento",""),IF('Base de datos'!$AU$77="Sí","Turbulencia",""),IF('Base de datos'!$AV$77="Sí","Dinámicas no modeladas",""),IF('Base de datos'!$AW$77="Sí","Otros","")) | F77: =IF('Base de datos'!AY77="","",'Base de datos'!AY77) | G77: =IF('Base de datos'!AZ77="","",'Base de datos'!AZ77) | H77: =IF('Base de datos'!BB77="Sí","Sí ("&'Base de datos'!BD77&", n="&'Base de datos'!BC77&")",IF('Base de datos'!BB77="","",'Base de datos'!BB77)) | I77: =IF('Base de datos'!BG77="","",'Base de datos'!BG77) | J77: =_xlfn.TEXTJOIN(", ",TRUE(),IF('Base de datos'!BB77="Sí","Monte Carlo",""),IF('Base de datos'!BM77="Sí","HIL",""),IF('Base de datos'!BL77="Sí","Robustez analítica","")) | K77: =IF('Base de datos'!BM77="","",'Base de datos'!BM77) | L77: =IF('Base de datos'!BS77="","",'Base de datos'!BS77)
A78: =IF('Base de datos'!A78="","",'Base de datos'!A78) | B78: =IF('Base de datos'!C78="","",'Base de datos'!C78) | C78: =IF('Base de datos'!K78="","",'Base de datos'!K78) | D78: =IF('Base de datos'!BH78="","",'Base de datos'!BH78) | E78: =_xlfn.TEXTJOIN(", ",TRUE(),IF('Base de datos'!$AM$78="Sí","Masa",""),IF('Base de datos'!$AN$78="Sí","Centro de gravedad",""),IF('Base de datos'!$AO$78="Sí","Momentos de inercia",""),IF('Base de datos'!$AP$78="Sí","Coeficientes aerodinámicos",""),IF('Base de datos'!$AQ$78="Sí","Empuje",""),IF('Base de datos'!$AR$78="Sí","Actuadores",""),IF('Base de datos'!$AS$78="Sí","Sensores",""),IF('Base de datos'!$AT$78="Sí","Viento",""),IF('Base de datos'!$AU$78="Sí","Turbulencia",""),IF('Base de datos'!$AV$78="Sí","Dinámicas no modeladas",""),IF('Base de datos'!$AW$78="Sí","Otros","")) | F78: =IF('Base de datos'!AY78="","",'Base de datos'!AY78) | G78: =IF('Base de datos'!AZ78="","",'Base de datos'!AZ78) | H78: =IF('Base de datos'!BB78="Sí","Sí ("&'Base de datos'!BD78&", n="&'Base de datos'!BC78&")",IF('Base de datos'!BB78="","",'Base de datos'!BB78)) | I78: =IF('Base de datos'!BG78="","",'Base de datos'!BG78) | J78: =_xlfn.TEXTJOIN(", ",TRUE(),IF('Base de datos'!BB78="Sí","Monte Carlo",""),IF('Base de datos'!BM78="Sí","HIL",""),IF('Base de datos'!BL78="Sí","Robustez analítica","")) | K78: =IF('Base de datos'!BM78="","",'Base de datos'!BM78) | L78: =IF('Base de datos'!BS78="","",'Base de datos'!BS78)
A79: =IF('Base de datos'!A79="","",'Base de datos'!A79) | B79: =IF('Base de datos'!C79="","",'Base de datos'!C79) | C79: =IF('Base de datos'!K79="","",'Base de datos'!K79) | D79: =IF('Base de datos'!BH79="","",'Base de datos'!BH79) | E79: =_xlfn.TEXTJOIN(", ",TRUE(),IF('Base de datos'!$AM$79="Sí","Masa",""),IF('Base de datos'!$AN$79="Sí","Centro de gravedad",""),IF('Base de datos'!$AO$79="Sí","Momentos de inercia",""),IF('Base de datos'!$AP$79="Sí","Coeficientes aerodinámicos",""),IF('Base de datos'!$AQ$79="Sí","Empuje",""),IF('Base de datos'!$AR$79="Sí","Actuadores",""),IF('Base de datos'!$AS$79="Sí","Sensores",""),IF('Base de datos'!$AT$79="Sí","Viento",""),IF('Base de datos'!$AU$79="Sí","Turbulencia",""),IF('Base de datos'!$AV$79="Sí","Dinámicas no modeladas",""),IF('Base de datos'!$AW$79="Sí","Otros","")) | F79: =IF('Base de datos'!AY79="","",'Base de datos'!AY79) | G79: =IF('Base de datos'!AZ79="","",'Base de datos'!AZ79) | H79: =IF('Base de datos'!BB79="Sí","Sí ("&'Base de datos'!BD79&", n="&'Base de datos'!BC79&")",IF('Base de datos'!BB79="","",'Base de datos'!BB79)) | I79: =IF('Base de datos'!BG79="","",'Base de datos'!BG79) | J79: =_xlfn.TEXTJOIN(", ",TRUE(),IF('Base de datos'!BB79="Sí","Monte Carlo",""),IF('Base de datos'!BM79="Sí","HIL",""),IF('Base de datos'!BL79="Sí","Robustez analítica","")) | K79: =IF('Base de datos'!BM79="","",'Base de datos'!BM79) | L79: =IF('Base de datos'!BS79="","",'Base de datos'!BS79)
A80: =IF('Base de datos'!A80="","",'Base de datos'!A80) | B80: =IF('Base de datos'!C80="","",'Base de datos'!C80) | C80: =IF('Base de datos'!K80="","",'Base de datos'!K80) | D80: =IF('Base de datos'!BH80="","",'Base de datos'!BH80) | E80: =_xlfn.TEXTJOIN(", ",TRUE(),IF('Base de datos'!$AM$80="Sí","Masa",""),IF('Base de datos'!$AN$80="Sí","Centro de gravedad",""),IF('Base de datos'!$AO$80="Sí","Momentos de inercia",""),IF('Base de datos'!$AP$80="Sí","Coeficientes aerodinámicos",""),IF('Base de datos'!$AQ$80="Sí","Empuje",""),IF('Base de datos'!$AR$80="Sí","Actuadores",""),IF('Base de datos'!$AS$80="Sí","Sensores",""),IF('Base de datos'!$AT$80="Sí","Viento",""),IF('Base de datos'!$AU$80="Sí","Turbulencia",""),IF('Base de datos'!$AV$80="Sí","Dinámicas no modeladas",""),IF('Base de datos'!$AW$80="Sí","Otros","")) | F80: =IF('Base de datos'!AY80="","",'Base de datos'!AY80) | G80: =IF('Base de datos'!AZ80="","",'Base de datos'!AZ80) | H80: =IF('Base de datos'!BB80="Sí","Sí ("&'Base de datos'!BD80&", n="&'Base de datos'!BC80&")",IF('Base de datos'!BB80="","",'Base de datos'!BB80)) | I80: =IF('Base de datos'!BG80="","",'Base de datos'!BG80) | J80: =_xlfn.TEXTJOIN(", ",TRUE(),IF('Base de datos'!BB80="Sí","Monte Carlo",""),IF('Base de datos'!BM80="Sí","HIL",""),IF('Base de datos'!BL80="Sí","Robustez analítica","")) | K80: =IF('Base de datos'!BM80="","",'Base de datos'!BM80) | L80: =IF('Base de datos'!BS80="","",'Base de datos'!BS80)
A81: =IF('Base de datos'!A81="","",'Base de datos'!A81) | B81: =IF('Base de datos'!C81="","",'Base de datos'!C81) | C81: =IF('Base de datos'!K81="","",'Base de datos'!K81) | D81: =IF('Base de datos'!BH81="","",'Base de datos'!BH81) | E81: =_xlfn.TEXTJOIN(", ",TRUE(),IF('Base de datos'!$AM$81="Sí","Masa",""),IF('Base de datos'!$AN$81="Sí","Centro de gravedad",""),IF('Base de datos'!$AO$81="Sí","Momentos de inercia",""),IF('Base de datos'!$AP$81="Sí","Coeficientes aerodinámicos",""),IF('Base de datos'!$AQ$81="Sí","Empuje",""),IF('Base de datos'!$AR$81="Sí","Actuadores",""),IF('Base de datos'!$AS$81="Sí","Sensores",""),IF('Base de datos'!$AT$81="Sí","Viento",""),IF('Base de datos'!$AU$81="Sí","Turbulencia",""),IF('Base de datos'!$AV$81="Sí","Dinámicas no modeladas",""),IF('Base de datos'!$AW$81="Sí","Otros","")) | F81: =IF('Base de datos'!AY81="","",'Base de datos'!AY81) | G81: =IF('Base de datos'!AZ81="","",'Base de datos'!AZ81) | H81: =IF('Base de datos'!BB81="Sí","Sí ("&'Base de datos'!BD81&", n="&'Base de datos'!BC81&")",IF('Base de datos'!BB81="","",'Base de datos'!BB81)) | I81: =IF('Base de datos'!BG81="","",'Base de datos'!BG81) | J81: =_xlfn.TEXTJOIN(", ",TRUE(),IF('Base de datos'!BB81="Sí","Monte Carlo",""),IF('Base de datos'!BM81="Sí","HIL",""),IF('Base de datos'!BL81="Sí","Robustez analítica","")) | K81: =IF('Base de datos'!BM81="","",'Base de datos'!BM81) | L81: =IF('Base de datos'!BS81="","",'Base de datos'!BS81)
A82: =IF('Base de datos'!A82="","",'Base de datos'!A82) | B82: =IF('Base de datos'!C82="","",'Base de datos'!C82) | C82: =IF('Base de datos'!K82="","",'Base de datos'!K82) | D82: =IF('Base de datos'!BH82="","",'Base de datos'!BH82) | E82: =_xlfn.TEXTJOIN(", ",TRUE(),IF('Base de datos'!$AM$82="Sí","Masa",""),IF('Base de datos'!$AN$82="Sí","Centro de gravedad",""),IF('Base de datos'!$AO$82="Sí","Momentos de inercia",""),IF('Base de datos'!$AP$82="Sí","Coeficientes aerodinámicos",""),IF('Base de datos'!$AQ$82="Sí","Empuje",""),IF('Base de datos'!$AR$82="Sí","Actuadores",""),IF('Base de datos'!$AS$82="Sí","Sensores",""),IF('Base de datos'!$AT$82="Sí","Viento",""),IF('Base de datos'!$AU$82="Sí","Turbulencia",""),IF('Base de datos'!$AV$82="Sí","Dinámicas no modeladas",""),IF('Base de datos'!$AW$82="Sí","Otros","")) | F82: =IF('Base de datos'!AY82="","",'Base de datos'!AY82) | G82: =IF('Base de datos'!AZ82="","",'Base de datos'!AZ82) | H82: =IF('Base de datos'!BB82="Sí","Sí ("&'Base de datos'!BD82&", n="&'Base de datos'!BC82&")",IF('Base de datos'!BB82="","",'Base de datos'!BB82)) | I82: =IF('Base de datos'!BG82="","",'Base de datos'!BG82) | J82: =_xlfn.TEXTJOIN(", ",TRUE(),IF('Base de datos'!BB82="Sí","Monte Carlo",""),IF('Base de datos'!BM82="Sí","HIL",""),IF('Base de datos'!BL82="Sí","Robustez analítica","")) | K82: =IF('Base de datos'!BM82="","",'Base de datos'!BM82) | L82: =IF('Base de datos'!BS82="","",'Base de datos'!BS82)
A83: =IF('Base de datos'!A83="","",'Base de datos'!A83) | B83: =IF('Base de datos'!C83="","",'Base de datos'!C83) | C83: =IF('Base de datos'!K83="","",'Base de datos'!K83) | D83: =IF('Base de datos'!BH83="","",'Base de datos'!BH83) | E83: =_xlfn.TEXTJOIN(", ",TRUE(),IF('Base de datos'!$AM$83="Sí","Masa",""),IF('Base de datos'!$AN$83="Sí","Centro de gravedad",""),IF('Base de datos'!$AO$83="Sí","Momentos de inercia",""),IF('Base de datos'!$AP$83="Sí","Coeficientes aerodinámicos",""),IF('Base de datos'!$AQ$83="Sí","Empuje",""),IF('Base de datos'!$AR$83="Sí","Actuadores",""),IF('Base de datos'!$AS$83="Sí","Sensores",""),IF('Base de datos'!$AT$83="Sí","Viento",""),IF('Base de datos'!$AU$83="Sí","Turbulencia",""),IF('Base de datos'!$AV$83="Sí","Dinámicas no modeladas",""),IF('Base de datos'!$AW$83="Sí","Otros","")) | F83: =IF('Base de datos'!AY83="","",'Base de datos'!AY83) | G83: =IF('Base de datos'!AZ83="","",'Base de datos'!AZ83) | H83: =IF('Base de datos'!BB83="Sí","Sí ("&'Base de datos'!BD83&", n="&'Base de datos'!BC83&")",IF('Base de datos'!BB83="","",'Base de datos'!BB83)) | I83: =IF('Base de datos'!BG83="","",'Base de datos'!BG83) | J83: =_xlfn.TEXTJOIN(", ",TRUE(),IF('Base de datos'!BB83="Sí","Monte Carlo",""),IF('Base de datos'!BM83="Sí","HIL",""),IF('Base de datos'!BL83="Sí","Robustez analítica","")) | K83: =IF('Base de datos'!BM83="","",'Base de datos'!BM83) | L83: =IF('Base de datos'!BS83="","",'Base de datos'!BS83)
A84: =IF('Base de datos'!A84="","",'Base de datos'!A84) | B84: =IF('Base de datos'!C84="","",'Base de datos'!C84) | C84: =IF('Base de datos'!K84="","",'Base de datos'!K84) | D84: =IF('Base de datos'!BH84="","",'Base de datos'!BH84) | E84: =_xlfn.TEXTJOIN(", ",TRUE(),IF('Base de datos'!$AM$84="Sí","Masa",""),IF('Base de datos'!$AN$84="Sí","Centro de gravedad",""),IF('Base de datos'!$AO$84="Sí","Momentos de inercia",""),IF('Base de datos'!$AP$84="Sí","Coeficientes aerodinámicos",""),IF('Base de datos'!$AQ$84="Sí","Empuje",""),IF('Base de datos'!$AR$84="Sí","Actuadores",""),IF('Base de datos'!$AS$84="Sí","Sensores",""),IF('Base de datos'!$AT$84="Sí","Viento",""),IF('Base de datos'!$AU$84="Sí","Turbulencia",""),IF('Base de datos'!$AV$84="Sí","Dinámicas no modeladas",""),IF('Base de datos'!$AW$84="Sí","Otros","")) | F84: =IF('Base de datos'!AY84="","",'Base de datos'!AY84) | G84: =IF('Base de datos'!AZ84="","",'Base de datos'!AZ84) | H84: =IF('Base de datos'!BB84="Sí","Sí ("&'Base de datos'!BD84&", n="&'Base de datos'!BC84&")",IF('Base de datos'!BB84="","",'Base de datos'!BB84)) | I84: =IF('Base de datos'!BG84="","",'Base de datos'!BG84) | J84: =_xlfn.TEXTJOIN(", ",TRUE(),IF('Base de datos'!BB84="Sí","Monte Carlo",""),IF('Base de datos'!BM84="Sí","HIL",""),IF('Base de datos'!BL84="Sí","Robustez analítica","")) | K84: =IF('Base de datos'!BM84="","",'Base de datos'!BM84) | L84: =IF('Base de datos'!BS84="","",'Base de datos'!BS84)
A85: =IF('Base de datos'!A85="","",'Base de datos'!A85) | B85: =IF('Base de datos'!C85="","",'Base de datos'!C85) | C85: =IF('Base de datos'!K85="","",'Base de datos'!K85) | D85: =IF('Base de datos'!BH85="","",'Base de datos'!BH85) | E85: =_xlfn.TEXTJOIN(", ",TRUE(),IF('Base de datos'!$AM$85="Sí","Masa",""),IF('Base de datos'!$AN$85="Sí","Centro de gravedad",""),IF('Base de datos'!$AO$85="Sí","Momentos de inercia",""),IF('Base de datos'!$AP$85="Sí","Coeficientes aerodinámicos",""),IF('Base de datos'!$AQ$85="Sí","Empuje",""),IF('Base de datos'!$AR$85="Sí","Actuadores",""),IF('Base de datos'!$AS$85="Sí","Sensores",""),IF('Base de datos'!$AT$85="Sí","Viento",""),IF('Base de datos'!$AU$85="Sí","Turbulencia",""),IF('Base de datos'!$AV$85="Sí","Dinámicas no modeladas",""),IF('Base de datos'!$AW$85="Sí","Otros","")) | F85: =IF('Base de datos'!AY85="","",'Base de datos'!AY85) | G85: =IF('Base de datos'!AZ85="","",'Base de datos'!AZ85) | H85: =IF('Base de datos'!BB85="Sí","Sí ("&'Base de datos'!BD85&", n="&'Base de datos'!BC85&")",IF('Base de datos'!BB85="","",'Base de datos'!BB85)) | I85: =IF('Base de datos'!BG85="","",'Base de datos'!BG85) | J85: =_xlfn.TEXTJOIN(", ",TRUE(),IF('Base de datos'!BB85="Sí","Monte Carlo",""),IF('Base de datos'!BM85="Sí","HIL",""),IF('Base de datos'!BL85="Sí","Robustez analítica","")) | K85: =IF('Base de datos'!BM85="","",'Base de datos'!BM85) | L85: =IF('Base de datos'!BS85="","",'Base de datos'!BS85)
A86: =IF('Base de datos'!A86="","",'Base de datos'!A86) | B86: =IF('Base de datos'!C86="","",'Base de datos'!C86) | C86: =IF('Base de datos'!K86="","",'Base de datos'!K86) | D86: =IF('Base de datos'!BH86="","",'Base de datos'!BH86) | E86: =_xlfn.TEXTJOIN(", ",TRUE(),IF('Base de datos'!$AM$86="Sí","Masa",""),IF('Base de datos'!$AN$86="Sí","Centro de gravedad",""),IF('Base de datos'!$AO$86="Sí","Momentos de inercia",""),IF('Base de datos'!$AP$86="Sí","Coeficientes aerodinámicos",""),IF('Base de datos'!$AQ$86="Sí","Empuje",""),IF('Base de datos'!$AR$86="Sí","Actuadores",""),IF('Base de datos'!$AS$86="Sí","Sensores",""),IF('Base de datos'!$AT$86="Sí","Viento",""),IF('Base de datos'!$AU$86="Sí","Turbulencia",""),IF('Base de datos'!$AV$86="Sí","Dinámicas no modeladas",""),IF('Base de datos'!$AW$86="Sí","Otros","")) | F86: =IF('Base de datos'!AY86="","",'Base de datos'!AY86) | G86: =IF('Base de datos'!AZ86="","",'Base de datos'!AZ86) | H86: =IF('Base de datos'!BB86="Sí","Sí ("&'Base de datos'!BD86&", n="&'Base de datos'!BC86&")",IF('Base de datos'!BB86="","",'Base de datos'!BB86)) | I86: =IF('Base de datos'!BG86="","",'Base de datos'!BG86) | J86: =_xlfn.TEXTJOIN(", ",TRUE(),IF('Base de datos'!BB86="Sí","Monte Carlo",""),IF('Base de datos'!BM86="Sí","HIL",""),IF('Base de datos'!BL86="Sí","Robustez analítica","")) | K86: =IF('Base de datos'!BM86="","",'Base de datos'!BM86) | L86: =IF('Base de datos'!BS86="","",'Base de datos'!BS86)
A87: =IF('Base de datos'!A87="","",'Base de datos'!A87) | B87: =IF('Base de datos'!C87="","",'Base de datos'!C87) | C87: =IF('Base de datos'!K87="","",'Base de datos'!K87) | D87: =IF('Base de datos'!BH87="","",'Base de datos'!BH87) | E87: =_xlfn.TEXTJOIN(", ",TRUE(),IF('Base de datos'!$AM$87="Sí","Masa",""),IF('Base de datos'!$AN$87="Sí","Centro de gravedad",""),IF('Base de datos'!$AO$87="Sí","Momentos de inercia",""),IF('Base de datos'!$AP$87="Sí","Coeficientes aerodinámicos",""),IF('Base de datos'!$AQ$87="Sí","Empuje",""),IF('Base de datos'!$AR$87="Sí","Actuadores",""),IF('Base de datos'!$AS$87="Sí","Sensores",""),IF('Base de datos'!$AT$87="Sí","Viento",""),IF('Base de datos'!$AU$87="Sí","Turbulencia",""),IF('Base de datos'!$AV$87="Sí","Dinámicas no modeladas",""),IF('Base de datos'!$AW$87="Sí","Otros","")) | F87: =IF('Base de datos'!AY87="","",'Base de datos'!AY87) | G87: =IF('Base de datos'!AZ87="","",'Base de datos'!AZ87) | H87: =IF('Base de datos'!BB87="Sí","Sí ("&'Base de datos'!BD87&", n="&'Base de datos'!BC87&")",IF('Base de datos'!BB87="","",'Base de datos'!BB87)) | I87: =IF('Base de datos'!BG87="","",'Base de datos'!BG87) | J87: =_xlfn.TEXTJOIN(", ",TRUE(),IF('Base de datos'!BB87="Sí","Monte Carlo",""),IF('Base de datos'!BM87="Sí","HIL",""),IF('Base de datos'!BL87="Sí","Robustez analítica","")) | K87: =IF('Base de datos'!BM87="","",'Base de datos'!BM87) | L87: =IF('Base de datos'!BS87="","",'Base de datos'!BS87)
A88: =IF('Base de datos'!A88="","",'Base de datos'!A88) | B88: =IF('Base de datos'!C88="","",'Base de datos'!C88) | C88: =IF('Base de datos'!K88="","",'Base de datos'!K88) | D88: =IF('Base de datos'!BH88="","",'Base de datos'!BH88) | E88: =_xlfn.TEXTJOIN(", ",TRUE(),IF('Base de datos'!$AM$88="Sí","Masa",""),IF('Base de datos'!$AN$88="Sí","Centro de gravedad",""),IF('Base de datos'!$AO$88="Sí","Momentos de inercia",""),IF('Base de datos'!$AP$88="Sí","Coeficientes aerodinámicos",""),IF('Base de datos'!$AQ$88="Sí","Empuje",""),IF('Base de datos'!$AR$88="Sí","Actuadores",""),IF('Base de datos'!$AS$88="Sí","Sensores",""),IF('Base de datos'!$AT$88="Sí","Viento",""),IF('Base de datos'!$AU$88="Sí","Turbulencia",""),IF('Base de datos'!$AV$88="Sí","Dinámicas no modeladas",""),IF('Base de datos'!$AW$88="Sí","Otros","")) | F88: =IF('Base de datos'!AY88="","",'Base de datos'!AY88) | G88: =IF('Base de datos'!AZ88="","",'Base de datos'!AZ88) | H88: =IF('Base de datos'!BB88="Sí","Sí ("&'Base de datos'!BD88&", n="&'Base de datos'!BC88&")",IF('Base de datos'!BB88="","",'Base de datos'!BB88)) | I88: =IF('Base de datos'!BG88="","",'Base de datos'!BG88) | J88: =_xlfn.TEXTJOIN(", ",TRUE(),IF('Base de datos'!BB88="Sí","Monte Carlo",""),IF('Base de datos'!BM88="Sí","HIL",""),IF('Base de datos'!BL88="Sí","Robustez analítica","")) | K88: =IF('Base de datos'!BM88="","",'Base de datos'!BM88) | L88: =IF('Base de datos'!BS88="","",'Base de datos'!BS88)
A89: =IF('Base de datos'!A89="","",'Base de datos'!A89) | B89: =IF('Base de datos'!C89="","",'Base de datos'!C89) | C89: =IF('Base de datos'!K89="","",'Base de datos'!K89) | D89: =IF('Base de datos'!BH89="","",'Base de datos'!BH89) | E89: =_xlfn.TEXTJOIN(", ",TRUE(),IF('Base de datos'!$AM$89="Sí","Masa",""),IF('Base de datos'!$AN$89="Sí","Centro de gravedad",""),IF('Base de datos'!$AO$89="Sí","Momentos de inercia",""),IF('Base de datos'!$AP$89="Sí","Coeficientes aerodinámicos",""),IF('Base de datos'!$AQ$89="Sí","Empuje",""),IF('Base de datos'!$AR$89="Sí","Actuadores",""),IF('Base de datos'!$AS$89="Sí","Sensores",""),IF('Base de datos'!$AT$89="Sí","Viento",""),IF('Base de datos'!$AU$89="Sí","Turbulencia",""),IF('Base de datos'!$AV$89="Sí","Dinámicas no modeladas",""),IF('Base de datos'!$AW$89="Sí","Otros","")) | F89: =IF('Base de datos'!AY89="","",'Base de datos'!AY89) | G89: =IF('Base de datos'!AZ89="","",'Base de datos'!AZ89) | H89: =IF('Base de datos'!BB89="Sí","Sí ("&'Base de datos'!BD89&", n="&'Base de datos'!BC89&")",IF('Base de datos'!BB89="","",'Base de datos'!BB89)) | I89: =IF('Base de datos'!BG89="","",'Base de datos'!BG89) | J89: =_xlfn.TEXTJOIN(", ",TRUE(),IF('Base de datos'!BB89="Sí","Monte Carlo",""),IF('Base de datos'!BM89="Sí","HIL",""),IF('Base de datos'!BL89="Sí","Robustez analítica","")) | K89: =IF('Base de datos'!BM89="","",'Base de datos'!BM89) | L89: =IF('Base de datos'!BS89="","",'Base de datos'!BS89)
A90: =IF('Base de datos'!A90="","",'Base de datos'!A90) | B90: =IF('Base de datos'!C90="","",'Base de datos'!C90) | C90: =IF('Base de datos'!K90="","",'Base de datos'!K90) | D90: =IF('Base de datos'!BH90="","",'Base de datos'!BH90) | E90: =_xlfn.TEXTJOIN(", ",TRUE(),IF('Base de datos'!$AM$90="Sí","Masa",""),IF('Base de datos'!$AN$90="Sí","Centro de gravedad",""),IF('Base de datos'!$AO$90="Sí","Momentos de inercia",""),IF('Base de datos'!$AP$90="Sí","Coeficientes aerodinámicos",""),IF('Base de datos'!$AQ$90="Sí","Empuje",""),IF('Base de datos'!$AR$90="Sí","Actuadores",""),IF('Base de datos'!$AS$90="Sí","Sensores",""),IF('Base de datos'!$AT$90="Sí","Viento",""),IF('Base de datos'!$AU$90="Sí","Turbulencia",""),IF('Base de datos'!$AV$90="Sí","Dinámicas no modeladas",""),IF('Base de datos'!$AW$90="Sí","Otros","")) | F90: =IF('Base de datos'!AY90="","",'Base de datos'!AY90) | G90: =IF('Base de datos'!AZ90="","",'Base de datos'!AZ90) | H90: =IF('Base de datos'!BB90="Sí","Sí ("&'Base de datos'!BD90&", n="&'Base de datos'!BC90&")",IF('Base de datos'!BB90="","",'Base de datos'!BB90)) | I90: =IF('Base de datos'!BG90="","",'Base de datos'!BG90) | J90: =_xlfn.TEXTJOIN(", ",TRUE(),IF('Base de datos'!BB90="Sí","Monte Carlo",""),IF('Base de datos'!BM90="Sí","HIL",""),IF('Base de datos'!BL90="Sí","Robustez analítica","")) | K90: =IF('Base de datos'!BM90="","",'Base de datos'!BM90) | L90: =IF('Base de datos'!BS90="","",'Base de datos'!BS90)
A91: =IF('Base de datos'!A91="","",'Base de datos'!A91) | B91: =IF('Base de datos'!C91="","",'Base de datos'!C91) | C91: =IF('Base de datos'!K91="","",'Base de datos'!K91) | D91: =IF('Base de datos'!BH91="","",'Base de datos'!BH91) | E91: =_xlfn.TEXTJOIN(", ",TRUE(),IF('Base de datos'!$AM$91="Sí","Masa",""),IF('Base de datos'!$AN$91="Sí","Centro de gravedad",""),IF('Base de datos'!$AO$91="Sí","Momentos de inercia",""),IF('Base de datos'!$AP$91="Sí","Coeficientes aerodinámicos",""),IF('Base de datos'!$AQ$91="Sí","Empuje",""),IF('Base de datos'!$AR$91="Sí","Actuadores",""),IF('Base de datos'!$AS$91="Sí","Sensores",""),IF('Base de datos'!$AT$91="Sí","Viento",""),IF('Base de datos'!$AU$91="Sí","Turbulencia",""),IF('Base de datos'!$AV$91="Sí","Dinámicas no modeladas",""),IF('Base de datos'!$AW$91="Sí","Otros","")) | F91: =IF('Base de datos'!AY91="","",'Base de datos'!AY91) | G91: =IF('Base de datos'!AZ91="","",'Base de datos'!AZ91) | H91: =IF('Base de datos'!BB91="Sí","Sí ("&'Base de datos'!BD91&", n="&'Base de datos'!BC91&")",IF('Base de datos'!BB91="","",'Base de datos'!BB91)) | I91: =IF('Base de datos'!BG91="","",'Base de datos'!BG91) | J91: =_xlfn.TEXTJOIN(", ",TRUE(),IF('Base de datos'!BB91="Sí","Monte Carlo",""),IF('Base de datos'!BM91="Sí","HIL",""),IF('Base de datos'!BL91="Sí","Robustez analítica","")) | K91: =IF('Base de datos'!BM91="","",'Base de datos'!BM91) | L91: =IF('Base de datos'!BS91="","",'Base de datos'!BS91)
A92: =IF('Base de datos'!A92="","",'Base de datos'!A92) | B92: =IF('Base de datos'!C92="","",'Base de datos'!C92) | C92: =IF('Base de datos'!K92="","",'Base de datos'!K92) | D92: =IF('Base de datos'!BH92="","",'Base de datos'!BH92) | E92: =_xlfn.TEXTJOIN(", ",TRUE(),IF('Base de datos'!$AM$92="Sí","Masa",""),IF('Base de datos'!$AN$92="Sí","Centro de gravedad",""),IF('Base de datos'!$AO$92="Sí","Momentos de inercia",""),IF('Base de datos'!$AP$92="Sí","Coeficientes aerodinámicos",""),IF('Base de datos'!$AQ$92="Sí","Empuje",""),IF('Base de datos'!$AR$92="Sí","Actuadores",""),IF('Base de datos'!$AS$92="Sí","Sensores",""),IF('Base de datos'!$AT$92="Sí","Viento",""),IF('Base de datos'!$AU$92="Sí","Turbulencia",""),IF('Base de datos'!$AV$92="Sí","Dinámicas no modeladas",""),IF('Base de datos'!$AW$92="Sí","Otros","")) | F92: =IF('Base de datos'!AY92="","",'Base de datos'!AY92) | G92: =IF('Base de datos'!AZ92="","",'Base de datos'!AZ92) | H92: =IF('Base de datos'!BB92="Sí","Sí ("&'Base de datos'!BD92&", n="&'Base de datos'!BC92&")",IF('Base de datos'!BB92="","",'Base de datos'!BB92)) | I92: =IF('Base de datos'!BG92="","",'Base de datos'!BG92) | J92: =_xlfn.TEXTJOIN(", ",TRUE(),IF('Base de datos'!BB92="Sí","Monte Carlo",""),IF('Base de datos'!BM92="Sí","HIL",""),IF('Base de datos'!BL92="Sí","Robustez analítica","")) | K92: =IF('Base de datos'!BM92="","",'Base de datos'!BM92) | L92: =IF('Base de datos'!BS92="","",'Base de datos'!BS92)
A93: =IF('Base de datos'!A93="","",'Base de datos'!A93) | B93: =IF('Base de datos'!C93="","",'Base de datos'!C93) | C93: =IF('Base de datos'!K93="","",'Base de datos'!K93) | D93: =IF('Base de datos'!BH93="","",'Base de datos'!BH93) | E93: =_xlfn.TEXTJOIN(", ",TRUE(),IF('Base de datos'!$AM$93="Sí","Masa",""),IF('Base de datos'!$AN$93="Sí","Centro de gravedad",""),IF('Base de datos'!$AO$93="Sí","Momentos de inercia",""),IF('Base de datos'!$AP$93="Sí","Coeficientes aerodinámicos",""),IF('Base de datos'!$AQ$93="Sí","Empuje",""),IF('Base de datos'!$AR$93="Sí","Actuadores",""),IF('Base de datos'!$AS$93="Sí","Sensores",""),IF('Base de datos'!$AT$93="Sí","Viento",""),IF('Base de datos'!$AU$93="Sí","Turbulencia",""),IF('Base de datos'!$AV$93="Sí","Dinámicas no modeladas",""),IF('Base de datos'!$AW$93="Sí","Otros","")) | F93: =IF('Base de datos'!AY93="","",'Base de datos'!AY93) | G93: =IF('Base de datos'!AZ93="","",'Base de datos'!AZ93) | H93: =IF('Base de datos'!BB93="Sí","Sí ("&'Base de datos'!BD93&", n="&'Base de datos'!BC93&")",IF('Base de datos'!BB93="","",'Base de datos'!BB93)) | I93: =IF('Base de datos'!BG93="","",'Base de datos'!BG93) | J93: =_xlfn.TEXTJOIN(", ",TRUE(),IF('Base de datos'!BB93="Sí","Monte Carlo",""),IF('Base de datos'!BM93="Sí","HIL",""),IF('Base de datos'!BL93="Sí","Robustez analítica","")) | K93: =IF('Base de datos'!BM93="","",'Base de datos'!BM93) | L93: =IF('Base de datos'!BS93="","",'Base de datos'!BS93)
A94: =IF('Base de datos'!A94="","",'Base de datos'!A94) | B94: =IF('Base de datos'!C94="","",'Base de datos'!C94) | C94: =IF('Base de datos'!K94="","",'Base de datos'!K94) | D94: =IF('Base de datos'!BH94="","",'Base de datos'!BH94) | E94: =_xlfn.TEXTJOIN(", ",TRUE(),IF('Base de datos'!$AM$94="Sí","Masa",""),IF('Base de datos'!$AN$94="Sí","Centro de gravedad",""),IF('Base de datos'!$AO$94="Sí","Momentos de inercia",""),IF('Base de datos'!$AP$94="Sí","Coeficientes aerodinámicos",""),IF('Base de datos'!$AQ$94="Sí","Empuje",""),IF('Base de datos'!$AR$94="Sí","Actuadores",""),IF('Base de datos'!$AS$94="Sí","Sensores",""),IF('Base de datos'!$AT$94="Sí","Viento",""),IF('Base de datos'!$AU$94="Sí","Turbulencia",""),IF('Base de datos'!$AV$94="Sí","Dinámicas no modeladas",""),IF('Base de datos'!$AW$94="Sí","Otros","")) | F94: =IF('Base de datos'!AY94="","",'Base de datos'!AY94) | G94: =IF('Base de datos'!AZ94="","",'Base de datos'!AZ94) | H94: =IF('Base de datos'!BB94="Sí","Sí ("&'Base de datos'!BD94&", n="&'Base de datos'!BC94&")",IF('Base de datos'!BB94="","",'Base de datos'!BB94)) | I94: =IF('Base de datos'!BG94="","",'Base de datos'!BG94) | J94: =_xlfn.TEXTJOIN(", ",TRUE(),IF('Base de datos'!BB94="Sí","Monte Carlo",""),IF('Base de datos'!BM94="Sí","HIL",""),IF('Base de datos'!BL94="Sí","Robustez analítica","")) | K94: =IF('Base de datos'!BM94="","",'Base de datos'!BM94) | L94: =IF('Base de datos'!BS94="","",'Base de datos'!BS94)
A95: =IF('Base de datos'!A95="","",'Base de datos'!A95) | B95: =IF('Base de datos'!C95="","",'Base de datos'!C95) | C95: =IF('Base de datos'!K95="","",'Base de datos'!K95) | D95: =IF('Base de datos'!BH95="","",'Base de datos'!BH95) | E95: =_xlfn.TEXTJOIN(", ",TRUE(),IF('Base de datos'!$AM$95="Sí","Masa",""),IF('Base de datos'!$AN$95="Sí","Centro de gravedad",""),IF('Base de datos'!$AO$95="Sí","Momentos de inercia",""),IF('Base de datos'!$AP$95="Sí","Coeficientes aerodinámicos",""),IF('Base de datos'!$AQ$95="Sí","Empuje",""),IF('Base de datos'!$AR$95="Sí","Actuadores",""),IF('Base de datos'!$AS$95="Sí","Sensores",""),IF('Base de datos'!$AT$95="Sí","Viento",""),IF('Base de datos'!$AU$95="Sí","Turbulencia",""),IF('Base de datos'!$AV$95="Sí","Dinámicas no modeladas",""),IF('Base de datos'!$AW$95="Sí","Otros","")) | F95: =IF('Base de datos'!AY95="","",'Base de datos'!AY95) | G95: =IF('Base de datos'!AZ95="","",'Base de datos'!AZ95) | H95: =IF('Base de datos'!BB95="Sí","Sí ("&'Base de datos'!BD95&", n="&'Base de datos'!BC95&")",IF('Base de datos'!BB95="","",'Base de datos'!BB95)) | I95: =IF('Base de datos'!BG95="","",'Base de datos'!BG95) | J95: =_xlfn.TEXTJOIN(", ",TRUE(),IF('Base de datos'!BB95="Sí","Monte Carlo",""),IF('Base de datos'!BM95="Sí","HIL",""),IF('Base de datos'!BL95="Sí","Robustez analítica","")) | K95: =IF('Base de datos'!BM95="","",'Base de datos'!BM95) | L95: =IF('Base de datos'!BS95="","",'Base de datos'!BS95)
A96: =IF('Base de datos'!A96="","",'Base de datos'!A96) | B96: =IF('Base de datos'!C96="","",'Base de datos'!C96) | C96: =IF('Base de datos'!K96="","",'Base de datos'!K96) | D96: =IF('Base de datos'!BH96="","",'Base de datos'!BH96) | E96: =_xlfn.TEXTJOIN(", ",TRUE(),IF('Base de datos'!$AM$96="Sí","Masa",""),IF('Base de datos'!$AN$96="Sí","Centro de gravedad",""),IF('Base de datos'!$AO$96="Sí","Momentos de inercia",""),IF('Base de datos'!$AP$96="Sí","Coeficientes aerodinámicos",""),IF('Base de datos'!$AQ$96="Sí","Empuje",""),IF('Base de datos'!$AR$96="Sí","Actuadores",""),IF('Base de datos'!$AS$96="Sí","Sensores",""),IF('Base de datos'!$AT$96="Sí","Viento",""),IF('Base de datos'!$AU$96="Sí","Turbulencia",""),IF('Base de datos'!$AV$96="Sí","Dinámicas no modeladas",""),IF('Base de datos'!$AW$96="Sí","Otros","")) | F96: =IF('Base de datos'!AY96="","",'Base de datos'!AY96) | G96: =IF('Base de datos'!AZ96="","",'Base de datos'!AZ96) | H96: =IF('Base de datos'!BB96="Sí","Sí ("&'Base de datos'!BD96&", n="&'Base de datos'!BC96&")",IF('Base de datos'!BB96="","",'Base de datos'!BB96)) | I96: =IF('Base de datos'!BG96="","",'Base de datos'!BG96) | J96: =_xlfn.TEXTJOIN(", ",TRUE(),IF('Base de datos'!BB96="Sí","Monte Carlo",""),IF('Base de datos'!BM96="Sí","HIL",""),IF('Base de datos'!BL96="Sí","Robustez analítica","")) | K96: =IF('Base de datos'!BM96="","",'Base de datos'!BM96) | L96: =IF('Base de datos'!BS96="","",'Base de datos'!BS96)
A97: =IF('Base de datos'!A97="","",'Base de datos'!A97) | B97: =IF('Base de datos'!C97="","",'Base de datos'!C97) | C97: =IF('Base de datos'!K97="","",'Base de datos'!K97) | D97: =IF('Base de datos'!BH97="","",'Base de datos'!BH97) | E97: =_xlfn.TEXTJOIN(", ",TRUE(),IF('Base de datos'!$AM$97="Sí","Masa",""),IF('Base de datos'!$AN$97="Sí","Centro de gravedad",""),IF('Base de datos'!$AO$97="Sí","Momentos de inercia",""),IF('Base de datos'!$AP$97="Sí","Coeficientes aerodinámicos",""),IF('Base de datos'!$AQ$97="Sí","Empuje",""),IF('Base de datos'!$AR$97="Sí","Actuadores",""),IF('Base de datos'!$AS$97="Sí","Sensores",""),IF('Base de datos'!$AT$97="Sí","Viento",""),IF('Base de datos'!$AU$97="Sí","Turbulencia",""),IF('Base de datos'!$AV$97="Sí","Dinámicas no modeladas",""),IF('Base de datos'!$AW$97="Sí","Otros","")) | F97: =IF('Base de datos'!AY97="","",'Base de datos'!AY97) | G97: =IF('Base de datos'!AZ97="","",'Base de datos'!AZ97) | H97: =IF('Base de datos'!BB97="Sí","Sí ("&'Base de datos'!BD97&", n="&'Base de datos'!BC97&")",IF('Base de datos'!BB97="","",'Base de datos'!BB97)) | I97: =IF('Base de datos'!BG97="","",'Base de datos'!BG97) | J97: =_xlfn.TEXTJOIN(", ",TRUE(),IF('Base de datos'!BB97="Sí","Monte Carlo",""),IF('Base de datos'!BM97="Sí","HIL",""),IF('Base de datos'!BL97="Sí","Robustez analítica","")) | K97: =IF('Base de datos'!BM97="","",'Base de datos'!BM97) | L97: =IF('Base de datos'!BS97="","",'Base de datos'!BS97)
A98: =IF('Base de datos'!A98="","",'Base de datos'!A98) | B98: =IF('Base de datos'!C98="","",'Base de datos'!C98) | C98: =IF('Base de datos'!K98="","",'Base de datos'!K98) | D98: =IF('Base de datos'!BH98="","",'Base de datos'!BH98) | E98: =_xlfn.TEXTJOIN(", ",TRUE(),IF('Base de datos'!$AM$98="Sí","Masa",""),IF('Base de datos'!$AN$98="Sí","Centro de gravedad",""),IF('Base de datos'!$AO$98="Sí","Momentos de inercia",""),IF('Base de datos'!$AP$98="Sí","Coeficientes aerodinámicos",""),IF('Base de datos'!$AQ$98="Sí","Empuje",""),IF('Base de datos'!$AR$98="Sí","Actuadores",""),IF('Base de datos'!$AS$98="Sí","Sensores",""),IF('Base de datos'!$AT$98="Sí","Viento",""),IF('Base de datos'!$AU$98="Sí","Turbulencia",""),IF('Base de datos'!$AV$98="Sí","Dinámicas no modeladas",""),IF('Base de datos'!$AW$98="Sí","Otros","")) | F98: =IF('Base de datos'!AY98="","",'Base de datos'!AY98) | G98: =IF('Base de datos'!AZ98="","",'Base de datos'!AZ98) | H98: =IF('Base de datos'!BB98="Sí","Sí ("&'Base de datos'!BD98&", n="&'Base de datos'!BC98&")",IF('Base de datos'!BB98="","",'Base de datos'!BB98)) | I98: =IF('Base de datos'!BG98="","",'Base de datos'!BG98) | J98: =_xlfn.TEXTJOIN(", ",TRUE(),IF('Base de datos'!BB98="Sí","Monte Carlo",""),IF('Base de datos'!BM98="Sí","HIL",""),IF('Base de datos'!BL98="Sí","Robustez analítica","")) | K98: =IF('Base de datos'!BM98="","",'Base de datos'!BM98) | L98: =IF('Base de datos'!BS98="","",'Base de datos'!BS98)
A99: =IF('Base de datos'!A99="","",'Base de datos'!A99) | B99: =IF('Base de datos'!C99="","",'Base de datos'!C99) | C99: =IF('Base de datos'!K99="","",'Base de datos'!K99) | D99: =IF('Base de datos'!BH99="","",'Base de datos'!BH99) | E99: =_xlfn.TEXTJOIN(", ",TRUE(),IF('Base de datos'!$AM$99="Sí","Masa",""),IF('Base de datos'!$AN$99="Sí","Centro de gravedad",""),IF('Base de datos'!$AO$99="Sí","Momentos de inercia",""),IF('Base de datos'!$AP$99="Sí","Coeficientes aerodinámicos",""),IF('Base de datos'!$AQ$99="Sí","Empuje",""),IF('Base de datos'!$AR$99="Sí","Actuadores",""),IF('Base de datos'!$AS$99="Sí","Sensores",""),IF('Base de datos'!$AT$99="Sí","Viento",""),IF('Base de datos'!$AU$99="Sí","Turbulencia",""),IF('Base de datos'!$AV$99="Sí","Dinámicas no modeladas",""),IF('Base de datos'!$AW$99="Sí","Otros","")) | F99: =IF('Base de datos'!AY99="","",'Base de datos'!AY99) | G99: =IF('Base de datos'!AZ99="","",'Base de datos'!AZ99) | H99: =IF('Base de datos'!BB99="Sí","Sí ("&'Base de datos'!BD99&", n="&'Base de datos'!BC99&")",IF('Base de datos'!BB99="","",'Base de datos'!BB99)) | I99: =IF('Base de datos'!BG99="","",'Base de datos'!BG99) | J99: =_xlfn.TEXTJOIN(", ",TRUE(),IF('Base de datos'!BB99="Sí","Monte Carlo",""),IF('Base de datos'!BM99="Sí","HIL",""),IF('Base de datos'!BL99="Sí","Robustez analítica","")) | K99: =IF('Base de datos'!BM99="","",'Base de datos'!BM99) | L99: =IF('Base de datos'!BS99="","",'Base de datos'!BS99)
A100: =IF('Base de datos'!A100="","",'Base de datos'!A100) | B100: =IF('Base de datos'!C100="","",'Base de datos'!C100) | C100: =IF('Base de datos'!K100="","",'Base de datos'!K100) | D100: =IF('Base de datos'!BH100="","",'Base de datos'!BH100) | E100: =_xlfn.TEXTJOIN(", ",TRUE(),IF('Base de datos'!$AM$100="Sí","Masa",""),IF('Base de datos'!$AN$100="Sí","Centro de gravedad",""),IF('Base de datos'!$AO$100="Sí","Momentos de inercia",""),IF('Base de datos'!$AP$100="Sí","Coeficientes aerodinámicos",""),IF('Base de datos'!$AQ$100="Sí","Empuje",""),IF('Base de datos'!$AR$100="Sí","Actuadores",""),IF('Base de datos'!$AS$100="Sí","Sensores",""),IF('Base de datos'!$AT$100="Sí","Viento",""),IF('Base de datos'!$AU$100="Sí","Turbulencia",""),IF('Base de datos'!$AV$100="Sí","Dinámicas no modeladas",""),IF('Base de datos'!$AW$100="Sí","Otros","")) | F100: =IF('Base de datos'!AY100="","",'Base de datos'!AY100) | G100: =IF('Base de datos'!AZ100="","",'Base de datos'!AZ100) | H100: =IF('Base de datos'!BB100="Sí","Sí ("&'Base de datos'!BD100&", n="&'Base de datos'!BC100&")",IF('Base de datos'!BB100="","",'Base de datos'!BB100)) | I100: =IF('Base de datos'!BG100="","",'Base de datos'!BG100) | J100: =_xlfn.TEXTJOIN(", ",TRUE(),IF('Base de datos'!BB100="Sí","Monte Carlo",""),IF('Base de datos'!BM100="Sí","HIL",""),IF('Base de datos'!BL100="Sí","Robustez analítica","")) | K100: =IF('Base de datos'!BM100="","",'Base de datos'!BM100) | L100: =IF('Base de datos'!BS100="","",'Base de datos'!BS100)
...

Sheet Listas
A1: Estado | B1: SiNo | C1: TipoPub | D1: Distribucion | E1: Muestreo | F1: Controlador | G1: Prioridad | H1: Escala1a5
A2: Pendiente | B2: Sí | C2: Journal | D2: Normal | E2: Monte Carlo simple | F2: PID | G2: Alta | H2: 1
A3: Leyendo | B3: No | C3: Conference | D3: Uniforme | E3: Latin Hypercube (LHS) | F3: LQR | G3: Media | H3: 2
A4: Leído | C4: Thesis | D4: Truncada | E4: Sobol | F4: LQG | G4: Baja | H4: 3
A5: Analizado | C5: Report | D5: Log-normal | E5: Halton | F5: MPC | H5: 4
C6: Book | D6: Beta | E6: Otro | F6: NMPC | H6: 5
C7: Review | D7: Triangular | F7: Sliding Mode
D8: Otra | F8: H-infinito
F9: Adaptativo
F10: Robusto (mu-synthesis)
F11: Backstepping
F12: Gain Scheduling
F13: Ninguno / No aplica
F14: Otro
